Timestamp,I am a:,I identify as:,Broccoli,Mushrooms,Beef Tacos,Salads,Black Licorice,Steak,Grilled Chicken,Mayonnaise,Candy Corn,Pulled Pork,Spicy Mustard,Raw Oysters,Bananas,Avocado,Eggs,Olives,Tofu,Cottage Cheese,Black Panther,Pitch Perfect,Star Wars: The Last Jedi,It,The Big Sick,Lady Bird,Pirates of the Caribbean,Despicable Me,Coco,John Wick,Mamma Mia,Crazy Rich Asians,"Three Billboards Outside Ebbings, Missouri",The Incredibles
1/2/2020 14:34:52,Faculty member,Male,4,4,5,3,,5,4,4,1,5,5,4,4,4,4,4,2,2,,,,,,,3,,,,,,,
1/2/2020 14:35:25,Student,Male,2,1,4,2,1,5,4,3,3,4,3,2,4,3,5,2,4,3,4,4,2,5,3,4,4,5,3,4,2,5,4,4
1/2/2020 14:35:35,Student,Male,4,2,5,4,3,5,5,1,3,4,,,2,,5,,,,2,1,3,,4,,5,2,1,5,,,,5
1/2/2020 14:35:36,Student,Male,4,4,4,4,1,4,4,4,1,4,4,4,4,4,4,2,4,2,3,1,2,2,3,3,4,4,3,5,3,3,3,5
1/2/2020 14:35:47,Student,Male,4,3,5,4,4,5,4,2,1,5,4,2,2,3,5,3,2,1,4,2,3,3,1,2,4,3,2,5,3,2,2,5
1/2/2020 14:36:03,Student,Male,4,2,4,4,1,5,5,5,3,4,1,2,5,3,5,1,2,1,5,3,4,4,,,5,4,5,5,,,,5
1/2/2020 14:36:10,Student,Male,5,3,5,4,3,5,5,3,3,5,4,2,5,5,5,5,,4,3,3,3,4,3,3,4,3,4,5,3,3,,3
1/2/2020 14:36:52,Student,Male,5,5,3,5,4,5,5,3,3,4,4,2,4,3,5,5,2,4,,4,4,5,,,5,2,,,,,,5
1/2/2020 14:36:55,Student,Male,5,4,4,3,2,5,5,3,4,5,4,,1,4,5,4,1,,,3,4,4,5,,3,,,,4,,,3
1/2/2020 14:36:56,Student,Female,3,5,4,,,2,2,2,2,2,1,4,4,4,4,4,4,5,4,4,4,4,4,,4,4,4,4,,4,,4
1/2/2020 14:37:11,Faculty member,Male,4,4,5,3,1,5,4,2,1,5,4,2,4,4,4,2,2,3,4,3,4,,,,4,4,3,5,3,,,4
1/2/2020 14:38:05,Student,Male,4,5,5,5,1,5,4,3,2,5,3,4,4,5,5,5,5,5,5,5,3,5,3,3,4,4,5,5,,4,,5
1/2/2020 14:38:10,Student,Male,4,5,3,3,1,5,4,3,2,2,1,5,4,3,4,2,3,1,5,3,4,3,,,3,3,4,5,2,4,,3
1/2/2020 14:39:07,Student,Male,4,4,4,5,3,5,5,5,1,5,5,4,5,5,5,1,3,4,5,1,4,5,3,3,5,4,3,4,4,5,3,5
1/2/2020 14:39:45,Faculty member,Male,5,4,5,4,2,5,4,3,1,5,5,4,4,4,5,5,4,4,,,4,3,,,2,3,,,1,,,
1/2/2020 14:39:54,Student,Male,2,4,4,4,1,4,3,3,2,3,4,4,4,4,3,2,,,3,,4,,,,5,3,3,4,,4,,4
1/2/2020 14:40:02,Student,Male,2,2,4,5,3,5,5,2,4,4,2,,2,,5,,,,4,2,,4,,,5,4,,5,,,5,5
1/2/2020 14:41:25,Student,Male,5,2,5,4,1,5,5,1,3,4,3,2,5,4,4,1,3,2,4,2,3,2,,,3,1,4,5,3,5,,5
1/2/2020 14:42:35,Student,Male,3,4,5,4,1,5,4,3,2,5,4,5,3,4,4,4,1,2,3,4,1,,,,3,3,,5,,,,4
1/2/2020 14:42:41,Faculty member,Female,5,5,2,5,5,3,3,1,1,3,5,1,3,1,5,5,2,2,,,,,,,,,,,,,,
1/2/2020 14:43:48,Student,Male,4,5,4,3,2,5,4,3,4,5,3,,4,2,5,4,1,2,3,,,3,,,3,2,,4,3,,,5
1/2/2020 14:44:50,Student,Female,5,1,4,4,1,3,5,5,3,5,2,1,4,4,4,1,2,2,,4,,2,4,4,4,,5,,1,,,5
1/2/2020 14:45:21,Student,Male,5,2,5,5,1,5,2,1,1,2,1,1,1,5,5,1,1,4,5,1,5,3,5,1,4,1,1,5,1,5,1,5
1/2/2020 14:45:43,Student,Male,3,4,2,3,1,5,5,3,1,5,1,5,4,4,5,1,1,1,5,4,,4,,,5,5,,5,,4,,5
1/2/2020 14:46:21,Faculty member,Male,5,3,5,5,1,5,5,3,1,5,3,1,5,5,5,4,1,2,5,4,5,,,,4,5,,,,,,5
1/2/2020 14:46:30,Student,Male,5,5,5,5,1,5,5,2,2,5,2,2,5,5,5,1,1,1,,,,,,,2,4,5,,,5,,3
1/2/2020 14:47:27,Student,,4,4,3,5,2,3,3,3,4,3,3,4,4,5,5,4,5,4,5,2,3,3,,5,,3,,,,3,4,5
1/2/2020 14:47:39,Faculty member,Female,5,5,3,5,5,4,5,1,2,5,1,1,4,5,4,5,1,5,1,5,2,1,5,5,2,4,4,2,5,1,5,5
1/2/2020 14:49:33,Student,Male,4,5,2,5,1,5,5,2,2,5,4,5,4,5,5,3,4,5,4,,,,,,4,1,,4,,,,5
1/2/2020 14:53:44,Faculty member,Female,4,5,4,3,1,3,4,5,3,1,2,,5,2,4,3,3,2,5,,,5,,,3,3,5,,,,,3
1/2/2020 14:55:07,Student,Male,3,2,5,4,1,5,4,1,5,5,2,1,5,5,3,3,,3,5,5,5,5,,,4,4,3,5,5,5,,5
1/2/2020 14:59:13,Faculty member,Male,3,2,4,4,4,5,4,5,5,5,5,2,4,4,4,1,1,2,,,,,,,,5,,,,,,5
1/2/2020 15:01:41,Faculty member,Male,5,5,5,4,4,5,4,5,1,5,5,5,4,5,5,5,4,3,5,4,,,,,4,2,,,4,4,,5
1/2/2020 15:04:59,Faculty member,Male,4,5,5,4,1,5,5,3,1,5,5,5,5,5,4,4,4,3,4,,4,3,,4,4,4,5,3,4,,5,5
1/2/2020 15:10:10,Student,Female,5,5,4,4,1,5,5,1,1,3,2,1,4,5,5,1,3,4,4,3,3,1,3,3,2,4,5,3,4,5,3,5
1/2/2020 15:10:28,Student,Female,4,2,3,5,1,5,5,1,1,1,3,1,5,5,5,1,3,1,,3,,,,4,3,3,5,,5,5,,5
1/2/2020 15:22:48,Faculty member,Male,3,2,4,4,3,5,5,5,3,4,4,3,4,4,4,1,1,4,4,4,3,,,,4,4,4,4,3,,,4
1/2/2020 15:25:49,Student,Male,4,1,5,4,1,5,5,4,3,4,4,4,5,5,5,1,3,3,5,,1,3,3,3,5,4,3,5,4,4,3,5
1/2/2020 15:38:26,Student,Female,1,2,3,3,1,5,5,2,2,5,1,2,4,3,3,1,1,1,5,4,3,,,3,3,3,,,,3,,4
1/2/2020 15:39:25,Faculty member,Male,1,4,4,4,4,5,4,4,3,4,4,1,5,3,4,1,1,4,,,,,,,3,,,4,,,,4
1/2/2020 15:44:16,Student,Male,4,3,5,3,1,4,5,4,1,2,1,5,5,5,5,2,1,1,,1,,,,,2,1,,,,,,2
1/2/2020 15:45:38,Student,Male,4,3,5,4,,5,5,4,2,5,4,,4,5,5,1,,,5,,,5,,,,,,5,,5,,5
1/2/2020 15:52:55,Student,Male,3,2,4,3,,5,4,3,2,3,,,4,2,5,,,3,3,3,1,3,,,4,3,,5,,,,5
1/2/2020 15:53:07,Faculty member,Male,5,4,3,5,1,5,5,1,2,5,4,1,5,4,3,4,2,2,5,5,5,,,,4,,4,,3,4,,4
1/2/2020 15:56:01,Student,Male,3,3,4,4,2,5,5,3,2,4,4,4,4,3,4,2,3,5,4,3,4,3,3,3,4,3,3,3,3,3,3,5
1/2/2020 16:01:39,Faculty member,Male,4,4,5,5,1,5,4,5,2,4,4,2,5,5,5,1,3,4,4,,4,2,,,4,4,4,,,,,4
1/2/2020 16:07:35,Faculty member,Male,3,2,5,3,3,5,5,3,4,5,4,3,4,4,4,1,3,2,5,,5,,,,5,5,4,,,5,,5
1/2/2020 16:11:00,Student,Female,5,5,5,3,1,5,3,2,2,5,4,2,5,5,5,4,3,2,5,5,,5,,,4,,5,,,4,,
1/2/2020 16:13:44,Faculty member,Male,4,4,5,3,4,4,3,2,3,4,5,1,4,4,5,3,2,3,4,4,5,,,,4,3,,3,,2,,4
1/2/2020 16:23:19,Student,Female,4,4,4,1,1,2,5,3,1,5,2,1,5,2,4,1,2,2,,4,,,,,,3,5,,,,,5
1/2/2020 16:34:37,Student,Female,4,5,5,2,1,4,4,3,1,5,1,1,4,4,5,2,5,,4,3,2,,,,3,5,5,4,5,5,,5
1/2/2020 16:38:40,Faculty member,Female,4,1,5,3,1,5,5,3,2,1,3,1,5,5,5,4,1,2,4,5,5,2,,,,4,,,,4,,
1/2/2020 16:42:49,Student,Female,4,5,2,5,3,4,5,2,2,4,1,,3,4,4,1,2,3,,3,,,,,3,4,3,,4,4,,4
1/2/2020 16:54:37,Student,Male,4,4,5,4,1,5,4,3,4,5,4,1,5,2,5,3,5,1,2,,3,5,5,,,4,,,,5,,5
1/2/2020 17:00:19,Student,Male,3,4,5,4,2,5,5,1,3,5,1,1,4,4,4,2,3,1,4,3,4,4,2,2,3,2,4,4,4,4,5,4
1/2/2020 17:18:57,Student,Male,5,3,5,5,4,5,5,3,3,5,3,3,5,4,3,5,1,3,5,1,4,4,,,4,4,5,4,,,,5
1/2/2020 17:39:25,Student,Male,2,5,5,1,5,5,2,5,1,4,4,4,5,3,2,2,2,3,3,5,2,3,3,,5,4,4,4,4,,,5
1/2/2020 17:45:47,Student,Male,4,2,4,5,1,5,5,5,3,4,3,2,3,2,4,1,,4,4,4,4,,,,3,3,,3,4,,,4
1/2/2020 17:49:48,Student,Female,4,5,5,4,3,5,4,3,4,5,4,5,4,4,5,3,4,4,5,4,,5,,,3,3,3,5,4,5,,4
1/2/2020 17:55:25,Student,Male,3,3,4,3,,5,4,5,2,5,5,,3,4,5,3,,,4,2,5,,,,,,,,,,,4
1/2/2020 18:01:20,Student,Male,4,2,5,3,,5,3,3,2,4,1,4,4,4,5,2,1,1,,4,,5,,,5,4,2,5,,1,,3
1/2/2020 18:24:52,Student,Male,3,2,3,4,1,4,5,2,4,4,2,2,4,4,5,2,3,1,4,3,1,,,,4,4,5,4,,3,,5
1/2/2020 19:20:05,Student,Male,4,1,5,4,5,5,5,2,5,5,2,1,5,1,5,4,1,1,4,4,5,4,,,5,3,3,5,4,,5,5
1/2/2020 19:28:44,Faculty member,Male,2,5,5,4,1,5,4,5,2,2,4,4,2,4,3,4,5,5,2,4,5,,,,4,2,,1,3,5,,4
1/2/2020 19:30:51,Student,Male,4,2,5,5,4,3,3,3,4,4,4,2,4,5,5,4,4,2,4,3,,,,,5,4,,4,,,,5
1/2/2020 19:35:40,Faculty member,Male,3,4,4,3,1,4,5,5,1,2,4,4,4,5,5,5,3,3,4,,4,,,,4,5,5,,,,,3
1/2/2020 19:44:54,Student,Female,3,4,5,4,1,5,4,3,2,3,3,4,4,5,5,5,4,4,5,,5,5,,,4,4,5,2,4,4,,5
1/2/2020 19:48:43,Student,Male,4,1,5,4,3,5,5,5,3,5,2,3,5,4,4,2,1,1,5,3,,4,3,,5,5,,5,,5,,5
1/2/2020 20:01:11,Student,Male,4,5,4,3,1,5,3,5,1,4,4,5,5,5,5,4,2,3,4,3,4,5,,,5,4,,,3,,,5
1/2/2020 20:03:31,Student,Male,4,2,4,4,1,5,5,2,1,4,3,4,5,5,5,1,1,4,3,1,4,2,2,3,5,4,4,4,2,1,5,4
1/2/2020 20:07:12,Student,Male,2,4,4,3,1,4,3,3,2,3,3,4,4,4,5,1,4,2,4,2,3,3,3,4,5,5,5,4,5,3,3,5
1/2/2020 20:07:23,Faculty member,Male,2,4,5,3,5,5,4,3,2,5,5,2,5,5,5,2,3,2,,3,,,,,5,5,,,2,,,5
1/2/2020 20:44:24,Student,Female,3,2,5,4,1,5,4,4,2,4,1,3,4,5,3,2,2,1,4,5,2,,,,5,3,4,,5,5,,5
1/2/2020 21:23:35,Student,Female,5,5,5,5,3,5,4,1,3,4,4,5,5,5,5,3,4,4,5,4,4,4,3,5,3,3,5,5,5,5,3,5
1/2/2020 21:36:54,Student,Male,5,2,5,5,2,5,5,3,4,5,4,3,5,4,5,2,2,1,4,3,,,,,5,4,,,,,,4
1/2/2020 21:38:07,Student,Male,3,2,4,3,1,5,5,4,4,4,5,1,4,3,5,2,2,4,4,2,1,4,,,,3,,,,,,5
1/2/2020 21:59:03,Student,Male,2,5,5,4,1,5,5,4,2,2,1,2,5,5,5,2,4,1,4,4,3,4,,,5,5,4,4,5,5,,5
1/2/2020 22:06:36,Student,Male,3,1,4,3,2,5,5,2,2,3,2,2,5,3,4,2,2,2,4,2,,3,,,5,3,,,,,,3
1/2/2020 23:06:20,Student,Male,3,5,3,2,,4,4,,1,,3,,4,2,3,4,,2,5,,1,,,,5,,,5,,,,3
1/2/2020 23:19:50,Student,Male,4,2,5,4,3,5,5,4,5,5,5,4,5,4,5,4,3,2,3,2,5,4,3,3,4,4,4,5,3,3,3,4
1/2/2020 23:46:10,Student,Male,1,1,4,4,1,3,4,4,3,3,2,1,3,3,4,1,,2,,2,,3,,,1,1,,4,1,,,3
1/3/2020 0:43:48,Student,Female,4,,5,2,1,5,4,3,3,4,5,,3,2,3,3,2,,4,3,2,,,,3,2,,,4,,,4
1/3/2020 1:20:38,Student,Male,5,5,3,3,1,5,4,1,3,4,3,,4,4,5,4,3,3,5,5,1,3,,,5,5,5,,,,,5
1/3/2020 5:09:54,Student,Male,5,3,5,5,4,5,5,3,3,5,3,3,5,4,3,5,1,3,5,1,4,4,,,4,4,5,4,,,,5
1/3/2020 8:12:11,Faculty member,Male,3,4,5,2,1,5,5,4,1,5,5,,4,5,4,4,,,4,,3,4,4,,4,4,,4,,4,4,4
1/3/2020 8:51:09,Faculty member,Male,4,1,4,3,1,5,5,2,1,4,1,2,3,4,4,1,1,2,,4,5,,,,4,4,4,,,,,4
1/3/2020 10:08:37,Faculty member,Male,5,4,4,5,2,5,5,1,4,5,5,4,4,5,5,5,4,2,5,3,4,,,,4,4,5,,2,4,,5
1/3/2020 10:24:21,Student,Male,4,4,4,4,1,4,4,4,3,4,2,1,5,4,5,2,4,2,3,4,1,,,,5,4,4,4,3,4,,5
1/3/2020 10:26:40,Student,Male,2,5,5,3,1,4,3,2,5,5,5,5,4,5,4,1,2,1,4,3,2,4,3,3,4,4,4,5,5,5,3,5
1/3/2020 10:27:27,Student,Female,4,4,2,5,1,4,2,1,1,3,3,5,5,5,4,2,5,4,,4,2,,,,5,3,5,,,5,,4
1/3/2020 10:33:48,Faculty member,Male,4,4,5,4,3,5,4,1,1,5,2,1,4,5,4,1,1,3,4,4,5,,,,4,5,,,5,4,,5
1/3/2020 10:48:12,Student,Male,4,2,4,5,1,5,5,4,2,5,5,2,5,4,5,3,2,2,4,3,2,,,,3,3,,4,,,,4
1/3/2020 11:34:06,Student,Male,4,4,5,5,2,5,4,2,1,5,4,4,4,4,5,4,4,4,5,4,3,3,3,4,5,4,3,4,3,4,3,4
1/3/2020 13:06:14,Student,Male,3,3,3,4,1,5,5,2,2,4,2,1,4,5,4,2,1,2,4,,1,,,3,5,4,5,,,,,5
1/3/2020 13:59:49,Student,Male,5,3,4,3,1,5,5,,,5,,,,5,5,,,,5,3,2,,,,4,4,4,,3,,,4
1/3/2020 14:52:40,Faculty member,Male,3,4,5,5,3,5,5,3,2,5,4,1,5,5,4,5,2,4,5,3,4,1,2,2,4,3,3,5,4,5,1,5
1/3/2020 15:09:08,Student,Male,3,3,5,4,1,5,3,4,1,5,4,4,3,4,5,4,1,1,4,,4,,,,5,3,4,5,3,,,4
1/3/2020 15:42:05,Faculty member,Female,4,4,4,5,,5,4,3,2,3,3,2,5,5,4,1,3,3,4,,4,,,,3,4,5,,4,,,5
1/3/2020 16:22:43,Student,Male,3,3,3,2,1,5,3,2,1,4,4,5,3,3,2,2,1,1,3,2,3,4,3,3,5,3,3,5,2,4,3,5
1/3/2020 16:43:22,Student,Male,4,4,3,4,2,4,5,3,1,4,4,5,4,5,5,3,3,2,5,2,3,,,,4,4,5,5,,,,4
1/3/2020 18:17:12,Student,Male,3,4,5,4,5,3,3,5,3,5,5,1,5,5,5,3,2,1,,,1,2,,,,3,,5,,,,5
1/3/2020 22:06:46,Student,Female,1,1,5,4,3,5,5,2,2,5,5,5,5,5,5,1,3,5,5,2,5,,,,3,,,4,,5,,
1/4/2020 6:32:54,Student,Male,4,3,5,2,1,4,3,1,5,5,2,,4,5,4,5,,3,4,,1,,,,3,4,,,3,4,,4
1/4/2020 6:57:02,Student,Female,2,2,4,3,1,5,5,1,4,5,5,1,4,4,3,2,2,3,4,4,4,1,,,5,3,5,,5,,,5
1/4/2020 7:07:56,,Female,5,5,5,5,1,5,4,5,2,4,3,3,5,1,3,3,3,2,5,3,1,3,3,3,4,4,4,4,3,3,3,4
1/4/2020 9:25:21,Student,Male,3,4,4,4,1,5,4,3,2,3,3,2,3,4,4,4,4,2,5,2,4,,,,5,3,4,,,,,3
1/4/2020 11:37:29,Student,Male,3,2,5,3,1,5,5,4,2,4,1,,4,5,5,2,,1,4,2,1,5,,,4,4,5,4,,4,,5
1/4/2020 14:49:49,Student,Male,4,2,5,4,4,3,3,1,2,4,4,1,3,3,1,5,2,2,4,3,4,2,,,4,4,4,4,,3,,4
1/4/2020 14:56:29,Student,Male,4,2,5,4,1,5,5,3,5,5,2,1,5,3,5,1,4,1,4,4,2,4,,,4,4,5,,2,1,,4
1/4/2020 18:42:41,Student,Male,5,3,3,5,3,5,5,4,2,5,5,2,4,5,5,4,3,1,5,3,4,4,,,4,4,,4,,,,4
1/4/2020 18:47:23,Student,Female,2,,5,3,,4,3,1,1,2,1,2,4,2,3,,,,4,3,4,,,2,5,3,4,,,3,,4
1/4/2020 19:26:40,Student,Male,3,1,4,2,1,5,5,2,2,3,1,3,4,2,3,,3,,4,2,1,4,,,4,4,,5,,,,5
1/4/2020 19:32:51,Student,Male,5,3,5,2,1,5,5,4,3,5,2,1,5,5,5,1,4,1,5,,3,3,,,4,3,4,4,,,,3
1/4/2020 20:14:40,Student,Male,4,3,4,4,1,5,4,2,3,5,4,2,5,3,5,3,3,2,,,4,,,,,4,,,,5,,3
1/4/2020 20:25:56,Student,Male,4,4,5,3,1,5,5,2,2,5,4,,3,4,4,2,3,2,3,2,,,,,5,4,,,4,,,5
1/4/2020 20:43:38,Student,Male,4,4,5,3,1,5,5,3,3,4,3,3,4,4,5,3,2,1,4,2,2,2,3,3,4,3,3,5,4,3,3,5
1/4/2020 22:21:31,Student,Male,4,2,5,5,1,5,5,3,1,5,5,4,5,4,5,1,4,1,3,3,4,3,1,1,5,3,5,4,2,1,5,5
1/4/2020 22:58:29,Student,Male,2,2,4,3,1,5,4,4,1,5,5,2,5,3,3,2,1,1,,2,2,,,,5,4,5,5,,3,,4
1/4/2020 23:15:03,Student,Female,5,5,5,5,1,5,4,4,1,3,2,1,3,5,3,4,2,4,4,5,2,1,,,4,5,4,,2,4,,5
1/4/2020 23:57:58,Student,Male,4,2,4,2,1,5,4,5,2,5,1,4,5,4,4,5,1,1,,4,,4,,,5,4,,,,,,5
1/5/2020 8:06:24,Student,Male,5,5,5,4,1,5,5,1,2,4,4,4,3,4,4,4,3,2,4,4,4,3,5,3,5,3,4,3,3,4,3,4
1/5/2020 8:53:03,Student,Male,4,5,5,5,1,5,5,4,3,5,4,5,5,4,5,4,,,5,3,1,,,,,2,,5,4,,,4
1/5/2020 12:09:36,Student,Male,4,1,4,4,1,5,2,3,3,4,3,1,4,1,4,2,5,4,5,1,1,3,3,3,5,4,3,5,3,5,5,4
1/5/2020 12:33:15,Faculty member,Female,4,1,4,4,5,5,5,1,4,5,1,1,5,3,4,4,2,3,4,5,,,,,4,,,,5,5,4,
1/5/2020 15:38:48,Student,Male,4,1,4,3,2,4,5,4,4,5,5,1,4,2,5,1,3,3,4,4,4,3,2,1,5,5,3,5,2,4,1,4
1/5/2020 19:50:45,Student,Male,4,4,5,5,2,3,5,4,5,5,4,2,5,5,5,1,1,5,5,3,5,4,,,4,2,5,,,4,,4
1/5/2020 23:28:40,Student,Male,3,2,5,4,4,5,5,1,3,5,1,5,5,5,5,1,2,1,5,5,3,5,,,5,5,4,5,,,,5
1/5/2020 23:29:11,Student,Male,2,4,3,1,2,5,5,3,3,4,3,3,4,3,5,1,2,3,4,3,5,5,3,3,5,4,3,5,4,3,4,4
1/5/2020 23:29:21,Student,Male,5,2,4,3,1,5,5,1,4,5,2,4,3,3,5,2,,3,4,4,1,3,,4,5,3,4,5,3,3,,5
1/5/2020 23:29:37,Student,Male,3,4,5,5,2,5,5,5,4,5,5,5,5,4,5,5,4,5,3,3,2,,,,5,4,,5,,,,5
1/5/2020 23:29:41,Student,Female,3,4,5,5,1,5,5,5,4,4,2,,5,5,4,4,2,3,5,4,,4,,,3,4,5,5,,5,,5
1/5/2020 23:29:55,Student,Male,4,2,5,5,1,5,5,1,2,5,3,1,5,5,4,1,3,2,4,4,4,2,,,,3,,4,,,,5
1/5/2020 23:30:18,Student,Male,4,5,3,3,5,5,3,2,1,4,4,5,4,5,4,5,2,4,4,,,3,,,4,3,,5,,,,3
1/5/2020 23:31:38,Student,Female,5,4,5,5,1,5,5,3,1,4,2,5,5,5,5,1,2,1,,5,,,,,,5,5,,5,5,,5
1/5/2020 23:31:47,Student,Male,3,4,5,4,2,5,5,5,2,5,4,1,5,4,5,2,2,1,4,2,1,4,,,4,4,4,5,5,5,4,5
1/5/2020 23:32:08,Student,Male,3,1,1,4,1,4,5,1,3,1,1,1,1,1,5,1,1,1,1,1,1,1,1,1,1,4,1,1,1,,1,1
1/5/2020 23:32:09,Student,Male,3,1,4,3,1,5,5,4,1,5,1,4,4,3,5,2,2,3,4,4,1,4,,,5,4,,5,,,,4
1/5/2020 23:32:14,Student,Male,4,3,5,4,1,5,3,2,4,4,3,1,5,2,4,2,3,2,4,4,3,3,,,4,4,4,5,3,,,5
1/5/2020 23:32:35,Student,Male,3,2,4,4,1,5,5,2,4,5,1,1,5,3,5,4,2,1,4,3,4,2,,,5,5,3,,,5,,5
1/5/2020 23:32:41,Student,Male,5,5,5,3,1,5,5,5,2,5,3,4,5,5,5,1,1,2,4,5,3,5,5,4,5,4,4,5,5,5,4,5
1/5/2020 23:32:51,Student,Female,4,5,5,5,1,5,4,1,2,4,1,3,3,4,4,1,1,3,4,2,1,1,1,1,5,3,2,2,2,2,2,4
1/5/2020 23:32:54,Student,Male,2,2,4,4,1,5,5,3,4,5,4,2,2,1,5,4,2,2,4,2,4,1,2,2,5,3,3,5,2,3,2,5
1/5/2020 23:33:04,Student,Female,4,1,5,5,1,4,4,5,1,5,4,3,4,4,4,1,4,1,2,4,3,4,3,,5,3,3,4,2,2,,4
1/5/2020 23:33:25,Student,Female,3,1,4,4,1,2,3,5,5,5,1,1,3,5,4,4,2,1,4,5,1,1,5,5,,5,4,,4,5,4,5
1/5/2020 23:33:32,Student,Male,3,3,4,2,3,5,4,3,3,4,4,4,4,5,5,2,3,,3,1,,,,,,,,,,5,,5
1/5/2020 23:33:56,Student,Male,3,,2,4,,4,5,3,5,5,,,4,3,1,4,,4,,4,,,,,3,4,,,4,,5,5
1/5/2020 23:34:06,Student,Female,4,4,4,5,1,5,5,4,1,4,3,3,5,5,4,5,5,5,4,5,5,5,,,5,5,4,,5,5,4,5
1/5/2020 23:35:12,Student,Female,3,1,4,5,1,5,5,2,4,4,1,5,4,4,1,1,1,1,,2,,,,,3,,,,5,,,4
1/5/2020 23:35:39,Student,Male,3,4,5,4,2,5,5,4,2,5,4,5,5,5,5,1,5,1,4,4,3,4,3,2,5,5,5,5,4,4,3,5
1/5/2020 23:35:50,Student,Female,3,1,4,4,2,5,4,3,2,3,1,2,1,3,2,1,1,1,5,4,,,,,3,3,3,,4,5,,4
1/5/2020 23:35:53,Student,Male,5,5,2,4,1,2,4,1,4,5,4,1,5,1,5,5,1,1,4,5,5,4,,,5,4,,5,,,,5
1/5/2020 23:36:16,Student,Female,4,1,5,4,1,5,5,1,3,4,3,1,1,4,4,1,2,2,5,5,,,,,3,4,5,3,5,5,,4
1/5/2020 23:37:31,Student,Female,3,4,2,3,1,5,5,2,3,5,1,4,4,5,5,1,1,1,,5,,,,4,1,4,4,,5,4,,5
1/5/2020 23:38:32,Student,Male,4,4,2,3,1,5,5,3,4,5,2,4,4,5,2,3,4,2,5,,5,,,,,2,5,,,,,5
1/5/2020 23:38:37,Student,Male,2,5,5,5,4,5,5,3,3,4,4,4,5,5,5,5,4,3,4,3,4,3,4,3,4,4,2,2,3,2,3,3
1/5/2020 23:38:47,Student,Male,2,1,2,4,3,5,4,3,5,5,2,,4,5,4,5,3,,3,3,,5,,,5,5,5,3,,,,5
1/5/2020 23:38:49,Student,Male,1,2,4,5,3,5,5,1,4,4,4,2,3,3,3,3,3,2,5,5,1,4,3,,5,4,4,5,,,,5
1/5/2020 23:39:04,Student,Male,2,5,4,3,1,5,4,3,1,4,3,1,3,4,4,1,1,1,2,2,2,3,1,1,3,3,1,4,1,3,1,4
1/5/2020 23:39:38,Student,Male,1,,4,3,2,5,3,,3,3,,,2,,4,,,,4,,5,3,,,4,3,,,,,,4
1/5/2020 23:39:51,Student,Male,4,4,5,2,1,5,3,2,2,5,1,3,5,2,5,1,,,3,4,3,3,,,4,4,,,,,5,5
1/5/2020 23:40:23,Student,Male,3,4,3,4,1,5,5,3,1,4,2,,,4,5,4,1,2,5,3,5,,,,5,3,,5,3,,,3
1/5/2020 23:41:29,Student,Female,4,1,4,5,1,5,5,1,4,5,3,1,3,5,4,1,3,1,3,4,5,2,,3,4,5,4,,5,5,4,3
1/5/2020 23:42:15,Student,Male,5,4,5,4,3,5,4,4,4,4,3,4,4,5,5,3,2,2,3,4,4,4,,,5,5,5,3,,,,5
1/5/2020 23:42:48,Student,Male,5,2,3,4,2,5,4,1,4,5,2,1,5,3,2,1,3,1,2,3,3,4,,,4,4,4,4,4,4,,4
1/5/2020 23:42:58,Student,Female,4,5,1,5,1,2,5,3,2,4,4,4,4,5,5,2,3,2,3,2,3,3,3,5,3,4,5,3,2,3,3,4
1/5/2020 23:43:04,Student,Male,3,3,5,2,2,5,5,1,5,5,2,1,5,1,5,3,1,1,5,5,3,4,1,2,5,3,4,5,5,5,3,5
1/5/2020 23:43:21,Student,Male,4,5,5,4,1,5,5,3,5,5,4,4,5,5,5,3,3,4,5,3,5,,,,,4,,5,4,,,4
1/5/2020 23:43:24,Student,Male,1,1,3,4,1,5,5,1,1,3,1,1,5,1,3,1,1,1,5,3,4,,,,5,4,5,,,,,4
1/5/2020 23:43:24,Student,Male,4,5,5,5,5,1,3,3,5,4,2,1,2,2,4,3,2,2,4,,4,,,,4,5,4,,,,,5
1/5/2020 23:43:35,Student,Male,3,1,2,4,2,5,4,3,5,4,2,1,5,4,5,2,2,2,5,2,1,3,3,3,5,5,3,2,2,2,2,5
1/5/2020 23:43:41,Student,Female,4,3,1,4,1,5,3,1,1,4,1,3,2,1,3,1,1,1,,4,,,,,4,4,,,5,4,,4
1/5/2020 23:44:22,Student,Male,4,5,4,4,1,4,2,2,1,4,3,5,3,3,5,5,1,2,,,3,3,4,,4,2,4,5,,,,4
1/5/2020 23:44:29,Student,Male,4,4,3,4,2,5,4,4,2,4,4,4,4,5,5,2,3,5,4,4,,4,,,4,4,4,5,,,,5
1/5/2020 23:44:29,Student,Male,5,4,4,3,1,3,3,1,1,5,4,3,3,4,5,1,1,2,5,5,4,,,,3,5,,4,,,,5
1/5/2020 23:44:49,Student,Female,5,5,1,5,1,1,1,1,1,1,2,5,1,5,2,2,5,1,,4,,,,,4,4,,,5,5,,4
1/5/2020 23:46:17,Student,Female,4,1,5,5,1,4,5,3,1,4,3,1,5,5,5,1,1,4,3,3,1,4,,,5,5,5,,3,4,,5
1/5/2020 23:46:24,Student,Female,5,4,2,5,1,2,1,1,1,2,3,1,5,5,2,1,5,1,5,5,5,2,,,5,5,5,2,5,5,,5
1/5/2020 23:46:35,Student,Male,3,4,5,5,1,5,5,4,4,5,5,3,4,5,5,2,3,4,5,,2,4,,,5,5,4,,4,,,5
1/5/2020 23:46:47,Student,Male,2,3,4,4,3,4,3,3,3,4,4,5,3,3,3,3,3,3,,,,,,,4,3,,,,4,,4
1/5/2020 23:47:20,Student,Male,5,5,5,5,1,5,5,4,5,5,3,2,5,5,5,1,,5,3,3,5,5,,,5,5,5,5,4,,,5
1/5/2020 23:47:24,Student,Male,4,5,3,3,,5,5,2,,5,4,5,4,3,5,3,5,4,4,3,5,4,,,5,4,,5,4,,,2
1/5/2020 23:47:41,Student,Female,5,1,4,4,1,5,4,3,4,4,1,1,4,1,3,1,1,1,5,4,,,,,,4,,5,,,,5
1/5/2020 23:48:02,Student,Male,2,2,4,4,1,5,5,3,3,5,3,3,3,4,2,3,2,2,5,5,5,3,,,5,5,,5,5,4,,5
1/5/2020 23:48:04,Student,Male,3,1,3,4,3,5,5,1,5,5,1,1,5,5,5,1,2,1,5,2,2,3,,,2,5,1,,,,,5
1/5/2020 23:48:25,Student,Male,4,3,4,5,1,5,3,2,2,3,1,3,4,4,3,4,2,4,4,4,4,3,,,5,4,,5,3,,,5
1/5/2020 23:48:42,Student,Male,3,4,3,4,3,5,5,3,1,4,3,5,2,4,5,1,3,1,4,2,2,4,3,,4,,,5,2,,,4
1/5/2020 23:48:56,Student,Male,3,5,4,4,1,5,4,3,1,5,5,4,4,5,5,4,3,3,5,1,3,3,3,3,4,3,3,4,3,4,3,4
1/5/2020 23:49:15,Student,Male,,,,,,,,,,,,,,,,,,,,,,,,,,,,,,,,
1/5/2020 23:49:31,Student,Male,2,4,5,2,1,3,3,3,3,4,4,3,4,3,5,2,1,3,3,2,1,5,,,5,5,5,5,,,,5
1/5/2020 23:50:02,Student,Male,3,4,5,4,1,5,4,5,1,5,5,2,4,5,5,5,4,3,1,2,5,2,2,3,5,2,3,2,2,5,4,5
1/5/2020 23:50:20,Student,Male,3,5,5,5,1,5,5,5,3,4,1,1,1,3,5,1,1,2,4,2,4,3,1,1,5,3,3,5,5,5,1,5
1/5/2020 23:51:17,Student,Female,4,4,4,5,1,5,5,2,3,5,3,,3,5,5,4,1,3,5,4,,,5,4,,2,5,,1,5,,5
1/5/2020 23:51:23,Student,Male,5,5,2,5,2,3,4,5,2,5,5,5,5,5,5,5,5,5,3,5,5,5,5,3,5,5,4,5,3,3,2,3
1/5/2020 23:51:38,Student,Female,5,2,5,5,4,5,5,4,4,5,2,3,3,5,4,5,1,3,4,,,,,,3,3,,,4,5,,4
1/5/2020 23:52:03,Student,Male,3,1,3,1,5,4,5,3,1,5,1,1,4,1,5,1,3,1,4,2,5,5,3,2,4,4,3,3,3,3,3,5
1/5/2020 23:53:09,Student,Male,4,1,5,4,1,5,5,1,4,5,1,1,5,3,5,1,1,1,4,3,4,4,3,3,5,5,3,4,3,3,3,5
1/5/2020 23:53:12,Student,Male,2,5,4,3,1,5,4,4,1,5,4,4,2,4,5,3,1,3,4,3,1,1,3,3,4,3,4,5,5,4,2,4
1/5/2020 23:54:19,Student,Female,3,4,5,5,2,5,5,3,3,3,2,3,5,5,5,3,3,3,5,4,4,3,,,4,4,5,5,3,5,,4
1/5/2020 23:55:38,Student,Female,4,3,5,5,1,5,4,2,1,5,4,3,5,5,4,2,4,4,5,5,5,4,,,5,5,5,5,5,4,,5
1/5/2020 23:56:56,Student,Male,5,1,5,4,1,5,4,3,1,5,1,1,5,2,5,1,3,1,3,2,3,3,,,3,4,5,4,,5,,5
1/5/2020 23:57:04,Student,Male,4,1,5,4,1,4,4,3,3,4,3,1,4,3,3,2,2,2,5,3,5,3,1,1,3,3,4,3,4,,,3
1/5/2020 23:58:42,Student,Male,2,2,4,5,1,4,5,3,4,5,2,1,4,2,4,2,1,2,3,3,,2,4,,4,3,5,,,,,4
1/6/2020 0:03:55,Student,Male,3,4,4,5,1,4,4,3,4,2,2,1,3,3,3,2,3,2,5,3,3,5,3,3,3,4,3,3,3,3,3,5
1/6/2020 0:03:57,Student,Male,5,5,5,5,,5,4,3,3,4,4,5,5,5,4,5,5,,,,,3,,,4,4,4,5,,,,4
1/6/2020 0:06:15,Student,Female,4,5,5,5,3,5,5,4,2,5,4,5,5,5,5,5,5,3,5,5,4,,,5,,3,1,,4,5,,4
1/6/2020 0:08:33,Student,Male,4,2,5,5,1,5,5,5,3,5,4,2,5,5,2,1,,2,5,5,4,3,,,4,5,2,4,2,,,5
1/6/2020 0:11:27,Student,Male,2,2,5,3,4,5,4,3,4,5,4,1,4,4,5,5,3,3,4,4,3,,,,4,4,4,4,4,4,,5
1/6/2020 0:13:45,Student,Male,4,1,5,4,2,5,4,3,3,5,4,4,5,5,5,4,4,2,4,4,3,,,,3,3,4,4,,3,,4
1/6/2020 0:14:15,Student,Male,1,1,1,5,1,5,5,1,5,5,5,5,5,3,5,3,3,1,4,1,3,3,,,3,3,,5,,,,5
1/6/2020 0:15:20,Student,Male,4,5,5,1,3,4,5,5,1,5,5,5,5,2,5,2,1,1,5,,5,,,,5,5,5,,,5,,5
1/6/2020 0:15:38,Student,Female,4,5,5,3,2,5,3,3,5,5,3,3,4,5,2,1,3,3,4,5,4,4,3,3,4,4,5,5,5,5,3,4
1/6/2020 0:18:20,Student,Male,4,1,5,2,1,5,5,1,1,5,2,2,3,3,5,1,3,1,5,4,2,3,5,5,3,3,2,4,3,4,5,4
1/6/2020 0:27:01,Student,Female,4,5,3,5,1,5,5,2,2,5,1,3,4,4,5,1,3,1,5,3,2,5,5,,3,4,4,4,5,4,,5
1/6/2020 0:27:55,Student,Female,4,3,3,5,2,3,4,2,2,4,4,,4,5,4,4,1,4,,5,,,5,,,4,3,,3,,,4
1/6/2020 0:30:01,Student,Male,4,3,5,3,1,5,4,2,1,5,1,3,4,2,1,1,1,1,5,2,4,3,1,2,5,4,3,5,2,2,3,4
1/6/2020 0:30:23,Student,Male,3,1,5,3,1,5,4,1,3,5,1,2,5,1,4,1,1,1,4,4,5,3,,,5,4,5,5,4,,,5
1/6/2020 0:31:31,Student,Male,3,4,5,4,3,5,4,5,3,5,4,4,5,4,4,4,2,3,5,5,5,3,,,5,5,5,5,4,,,5
1/6/2020 0:34:02,Student,Female,3,5,4,4,1,5,5,4,1,4,1,1,2,5,5,5,2,1,5,4,,5,,,5,4,5,3,,,,5
1/6/2020 0:34:17,Student,Male,5,4,5,5,1,5,5,5,2,5,4,,5,4,5,3,,5,,,4,,,,5,5,,,,,,4
1/6/2020 0:34:21,Student,Male,3,3,4,3,1,5,5,3,4,5,4,1,5,5,4,4,5,5,3,2,3,,,,5,4,2,4,,,,5
1/6/2020 0:36:06,Student,Male,3,4,4,4,1,5,4,4,1,4,2,,4,1,2,4,,4,3,3,,4,3,,4,2,3,,,3,4,3
1/6/2020 0:37:51,Student,Female,3,3,4,4,1,5,5,3,2,5,1,5,5,5,5,1,3,3,3,3,4,,,,4,5,5,5,5,5,,5
1/6/2020 0:38:25,Student,Male,3,4,5,4,1,5,4,4,3,4,4,3,4,5,3,1,4,5,4,3,2,,,,4,4,4,,,,,5
1/6/2020 0:40:50,Student,Male,4,3,4,4,2,5,3,4,3,5,3,4,4,4,5,3,3,2,5,3,,,,,5,4,5,,,5,,4
1/6/2020 0:41:28,Student,Female,5,1,4,3,1,5,5,3,3,4,2,3,5,5,4,5,5,3,4,3,,,,,5,3,3,4,3,4,,4
1/6/2020 0:42:47,Student,Male,2,4,5,3,1,5,5,4,1,5,2,4,5,5,5,4,3,4,5,3,3,4,3,,5,3,5,3,3,4,3,4
1/6/2020 0:47:47,Student,Female,2,4,4,3,1,2,5,1,2,4,3,,4,3,5,3,,1,4,5,4,2,,,,3,2,3,5,5,,5
1/6/2020 0:49:16,Student,Male,3,4,4,5,1,4,4,4,5,5,2,4,3,5,4,1,5,3,,,4,5,,,4,4,,,,,,5
1/6/2020 0:49:36,Student,Male,4,1,4,3,1,5,5,4,2,5,1,3,3,5,5,1,3,3,4,,,3,,,4,4,5,,,,,5
1/6/2020 0:54:15,Student,Female,3,2,4,5,2,5,5,4,3,5,3,1,5,2,5,2,1,1,5,5,5,,,,,4,5,,5,5,,5
1/6/2020 0:58:35,Student,Male,4,5,4,3,2,5,3,1,1,3,1,4,5,5,5,4,1,5,4,4,3,,,,5,4,,4,,,,4
1/6/2020 1:19:42,Student,Male,5,5,2,2,1,5,4,3,1,5,4,1,4,4,5,1,4,1,5,2,,5,,,3,4,5,5,3,5,,5
1/6/2020 1:32:29,Student,Male,3,3,5,5,1,5,5,3,4,4,1,1,2,2,5,4,1,5,2,4,1,1,3,1,2,3,2,4,3,4,1,4
1/6/2020 1:43:02,Student,Male,3,2,5,4,3,5,5,1,1,5,1,1,5,3,5,1,3,1,4,3,5,5,,,5,5,5,5,2,5,,5
1/6/2020 2:16:52,Student,Male,3,2,5,4,1,5,4,4,3,5,4,,4,2,5,2,1,1,5,3,4,3,,,5,5,4,5,5,,,5
1/6/2020 2:29:50,Student,Male,2,1,5,5,1,5,4,1,1,5,3,1,5,5,5,1,1,1,4,2,4,5,,,4,3,,4,,5,,5
1/6/2020 2:34:42,Student,Male,4,4,5,5,1,4,4,5,1,5,4,5,4,4,5,3,3,4,3,,2,5,,,5,3,4,,,4,,4
1/6/2020 3:22:29,Student,Male,3,4,3,4,3,4,5,2,1,4,5,3,4,3,5,3,3,4,4,,2,3,,,5,3,4,4,3,,,4
1/6/2020 5:17:32,Student,Male,3,2,5,4,3,5,3,3,3,4,3,1,4,4,5,3,3,3,4,2,3,,,3,5,4,,5,,,,5
1/6/2020 5:22:22,Student,Female,5,5,5,5,1,5,5,5,5,5,2,3,4,2,5,4,1,4,,4,,2,3,,,4,4,5,,5,,5
1/6/2020 5:51:39,Student,Male,3,3,3,3,2,5,5,4,1,4,4,2,4,4,5,2,1,1,3,2,1,5,3,3,5,5,3,5,3,3,3,4
1/6/2020 5:54:08,Student,Female,5,4,4,4,1,5,4,4,1,5,3,1,4,4,4,1,5,1,3,2,4,5,,,5,3,4,,,3,,4
1/6/2020 5:59:59,Student,Male,3,5,5,4,3,5,2,3,2,5,5,2,4,4,5,4,3,,4,4,5,,,,4,4,,5,,,,5
1/6/2020 6:03:24,Student,Male,4,3,5,3,1,5,5,1,2,5,1,4,5,5,5,2,2,1,,3,,3,4,,5,3,,,4,3,,4
1/6/2020 6:03:35,Student,Male,4,4,4,4,1,5,5,3,3,5,3,1,3,4,4,2,3,3,4,3,3,,,,5,4,,4,3,,,4
1/6/2020 6:06:09,Student,Female,5,5,4,3,1,5,5,2,1,2,1,1,5,5,5,1,2,5,5,3,,,,,3,4,5,,5,,,4
1/6/2020 6:07:50,Student,Female,4,5,5,4,1,3,3,1,3,5,5,4,4,5,3,3,,3,4,4,4,,,,5,2,,,3,5,,4
1/6/2020 6:08:38,Student,Male,5,5,5,5,,5,5,5,2,5,5,5,4,5,5,5,3,1,4,2,4,1,3,3,4,3,2,5,3,3,2,3
1/6/2020 6:13:44,Student,Female,5,5,3,5,2,5,5,5,1,5,5,4,4,5,5,5,5,4,,,5,,,,,4,,,,,,4
1/6/2020 6:14:18,Student,Female,5,1,3,4,1,5,4,3,3,5,1,1,3,3,4,1,1,3,,4,,,,,4,4,,,3,5,,4
1/6/2020 6:16:08,Student,Male,4,3,3,4,1,4,4,3,2,4,3,5,5,5,5,3,3,3,3,2,1,2,3,,5,3,5,5,,,,5
1/6/2020 6:17:38,Student,Male,3,5,5,4,3,5,5,5,4,5,1,4,5,5,5,2,5,2,3,,,2,,,5,5,,4,,2,,5
1/6/2020 6:18:30,Student,Female,4,1,4,4,1,4,5,5,5,5,1,2,5,3,5,1,1,1,4,5,,,,2,,5,3,4,5,5,,5
1/6/2020 6:18:32,Student,Female,3,1,3,3,1,3,4,,2,3,1,1,5,3,3,2,4,1,5,4,2,2,1,,3,4,5,5,3,5,,5
1/6/2020 6:19:02,Student,Male,3,1,4,4,2,5,4,5,1,4,2,4,5,5,5,3,1,1,4,3,2,4,,,5,4,,,5,,,4
1/6/2020 6:19:26,Student,Female,4,4,3,4,4,4,4,3,3,3,3,1,4,5,4,4,3,2,3,4,2,2,3,3,4,3,4,5,5,3,4,4
1/6/2020 6:24:00,Student,Female,4,4,5,4,1,3,3,2,5,4,5,3,5,5,5,4,5,5,4,4,4,1,,4,5,4,5,3,5,5,,3
1/6/2020 6:24:14,Student,Male,3,1,5,5,1,5,4,2,3,5,4,1,4,4,4,2,1,1,4,3,,,,,3,2,,,,4,,4
1/6/2020 6:24:43,Student,Male,,,,,,,,,,,,,,,,,,,,,,,,,,,,,,,,
1/6/2020 6:25:06,Student,Male,2,2,5,4,3,5,5,4,3,5,4,3,5,5,5,2,3,3,5,5,,4,,,5,5,,,,,,5
1/6/2020 6:25:41,Student,Male,4,2,4,4,1,3,5,3,4,5,5,1,4,2,5,5,3,3,,,2,5,,,4,3,4,,2,,,5
1/6/2020 6:25:52,Student,Male,4,3,3,2,1,5,5,1,1,5,4,1,5,4,5,3,1,1,1,1,1,1,4,1,4,1,1,4,1,1,5,5
1/6/2020 6:26:01,Student,Male,2,1,5,4,2,4,5,3,3,5,5,1,4,4,5,3,,2,5,5,5,,,,4,5,4,,,4,,5
1/6/2020 6:26:34,Student,Male,3,1,4,4,1,5,5,4,1,4,1,1,3,1,5,2,1,2,4,3,3,4,2,1,5,3,4,4,2,2,1,5
1/6/2020 6:26:53,Student,Male,3,4,5,4,3,5,5,4,1,4,4,4,5,4,5,4,2,3,4,4,2,4,3,3,4,4,3,4,4,3,3,4
1/6/2020 6:27:33,Student,Male,3,4,4,5,1,4,4,4,2,2,5,4,4,5,4,4,2,1,5,3,4,5,,2,4,5,5,,2,2,,5
1/6/2020 6:27:35,Student,Female,1,1,1,1,1,3,1,3,1,4,1,1,5,5,1,1,1,1,3,2,5,1,4,5,1,5,1,1,5,5,1,1
1/6/2020 6:27:54,Student,Male,3,2,4,4,1,5,5,1,1,5,1,1,5,2,5,1,1,2,4,3,2,,,,4,5,,,4,5,,5
1/6/2020 6:27:55,Student,Male,3,1,3,4,1,3,5,5,2,4,1,1,5,1,3,1,1,1,3,3,3,3,3,3,4,4,4,3,5,3,3,4
1/6/2020 6:28:07,Student,Female,4,3,3,4,2,2,4,3,4,4,4,1,4,4,3,3,3,2,4,3,3,,,,,4,3,3,,3,,4
1/6/2020 6:28:10,Student,Male,2,3,4,4,2,4,5,4,4,5,4,2,4,5,5,5,4,4,3,2,1,,,,3,3,4,5,,4,,4
1/6/2020 6:28:38,Student,Male,5,4,4,5,3,5,5,5,3,3,5,2,5,5,5,5,3,5,3,3,2,5,3,3,5,4,3,5,4,4,4,5
1/6/2020 6:29:35,Student,Male,2,2,5,3,2,5,4,4,4,5,4,3,4,5,5,5,3,3,5,5,4,1,,,5,3,,,,5,,5
1/6/2020 6:29:55,Student,Male,4,3,5,4,2,5,4,2,1,5,3,3,5,4,4,3,1,1,4,4,,,,,5,4,,3,2,,,4
1/6/2020 6:30:21,Student,Male,5,3,3,4,1,5,4,2,1,4,4,4,5,5,4,4,4,3,1,1,1,1,1,1,2,2,2,2,2,4,2,4
1/6/2020 6:32:34,Student,Male,4,1,4,4,2,5,5,4,3,4,,,4,3,3,,,,4,,4,4,,,4,3,,,,,,4
1/6/2020 6:32:54,Student,Male,4,1,1,1,1,5,5,1,2,5,1,1,4,1,2,2,1,1,2,1,2,2,,,5,2,2,,1,1,,5
1/6/2020 6:33:59,Student,Male,3,3,4,4,2,5,5,3,2,5,4,,5,5,5,3,2,2,5,,2,,,,5,4,3,,,,,5
1/6/2020 6:34:16,Student,Male,2,1,5,4,1,5,5,5,2,4,3,,3,1,5,,,,5,5,2,,,,5,5,2,4,,,,5
1/6/2020 6:34:27,Student,Male,5,4,4,3,2,4,4,1,3,3,5,3,5,4,5,4,3,1,4,2,2,3,,,4,4,,4,,4,,5
1/6/2020 6:36:01,Student,Male,3,1,5,4,5,5,5,2,4,5,5,1,5,4,5,5,1,3,4,2,4,1,3,3,5,4,5,5,3,3,3,5
1/6/2020 6:37:07,Student,Male,4,5,5,2,1,4,4,5,3,4,2,1,4,5,5,5,3,3,4,1,4,5,,,5,4,5,5,2,4,5,5
1/6/2020 6:37:17,Student,Male,4,5,4,5,5,5,5,3,3,5,3,5,5,3,4,4,3,4,3,4,4,3,3,3,3,2,2,3,3,3,3,4
1/6/2020 6:37:46,Student,Female,2,5,4,2,1,5,4,3,3,5,1,1,5,2,1,5,,4,4,2,3,,,,3,2,3,5,5,5,,4
1/6/2020 6:37:51,Student,Male,4,5,2,2,1,5,5,2,1,5,3,1,5,5,4,5,1,2,5,2,4,3,2,1,5,4,3,5,,3,5,5
1/6/2020 6:37:56,Student,Male,3,4,5,4,2,5,5,4,2,5,4,5,4,4,4,4,2,4,2,2,4,5,2,3,5,4,5,4,3,4,3,4
1/6/2020 6:38:54,Student,Female,2,3,5,4,,5,5,3,5,5,3,,2,3,4,2,3,3,,3,,5,,,4,3,5,,5,5,,5
1/6/2020 6:38:55,Student,Male,4,5,3,5,2,5,4,2,1,5,5,4,4,2,5,1,1,3,4,4,5,3,,,5,4,,,5,,,5
1/6/2020 6:39:09,Student,Female,4,2,4,5,1,5,5,1,1,5,1,3,5,5,5,1,1,2,,,3,,,,5,2,,,4,,,3
1/6/2020 6:39:12,Student,Female,4,5,5,4,1,5,3,3,1,4,3,1,5,4,4,2,5,1,5,5,2,1,3,3,5,5,5,5,,4,,5
1/6/2020 6:40:07,Student,Male,3,4,5,5,2,5,5,2,4,5,2,5,4,4,5,3,,1,5,3,4,4,,,5,5,3,,3,,,5
1/6/2020 6:40:23,Student,Male,3,3,4,5,2,5,5,3,2,4,4,5,5,5,1,2,2,4,3,2,1,3,2,,5,2,,4,,2,,2
1/6/2020 6:41:19,Student,Female,4,4,5,3,1,4,4,4,1,5,4,1,3,4,5,3,3,1,4,3,4,1,,,4,2,4,,,4,,5
1/6/2020 6:41:43,Student,Male,2,2,4,4,1,5,5,4,3,4,4,1,5,4,4,2,2,4,4,2,5,4,2,2,5,5,4,4,3,3,3,4
1/6/2020 6:44:08,Student,Female,4,3,2,4,1,2,4,1,3,5,2,,4,2,4,5,1,2,5,5,,,,,5,5,2,1,1,1,,5
1/6/2020 6:44:20,Student,Female,2,2,5,4,1,5,4,2,3,5,2,1,5,3,4,1,1,2,3,3,,4,,,4,2,5,,4,4,,4
1/6/2020 6:44:28,Student,Male,3,4,5,3,1,5,5,1,5,5,1,,5,1,4,5,,5,4,,4,,,,5,5,,,3,,,5
1/6/2020 6:45:34,Student,Female,2,3,4,4,1,5,5,5,5,5,,5,4,5,4,1,,1,5,3,,,5,5,4,4,4,4,5,5,,5
1/6/2020 6:46:26,Student,Female,5,4,3,4,1,4,2,3,4,4,2,1,4,5,5,1,3,4,3,4,5,4,,2,3,3,3,3,4,4,3,4
1/6/2020 6:46:51,Student,Male,4,4,5,4,2,5,5,3,1,5,3,,4,4,5,2,3,3,,,1,4,,,4,4,4,5,,,5,5
1/6/2020 6:47:24,Student,Male,3,4,5,4,1,3,3,4,2,5,1,1,2,3,5,1,2,1,5,5,4,3,2,3,5,4,3,5,3,4,3,5
1/6/2020 6:49:02,Student,Male,4,2,4,4,1,4,4,3,2,4,3,4,4,5,5,2,4,3,5,4,,4,,,3,4,5,,,,,5
1/6/2020 6:51:14,Student,Female,4,5,2,5,1,5,5,2,1,4,5,4,5,5,5,5,4,2,2,3,4,2,,1,5,4,4,,5,5,,5
1/6/2020 6:52:03,Student,Male,3,3,4,4,3,5,4,5,3,5,2,2,4,3,5,3,2,3,4,4,3,2,,,5,5,4,,,,,5
1/6/2020 6:54:55,Student,Male,5,5,5,5,1,5,5,3,5,5,5,2,2,4,3,1,1,5,5,3,3,,,,5,5,,5,,5,,5
1/6/2020 6:55:36,Student,Female,4,1,3,4,1,5,5,3,2,5,3,2,4,4,4,3,3,3,5,5,4,1,,,4,4,5,,5,5,3,5
1/6/2020 6:57:28,Student,Female,5,1,4,4,1,5,5,3,3,4,2,1,4,5,4,2,5,1,3,4,,5,,,4,4,5,,4,2,,5
1/6/2020 6:58:42,Student,Female,4,4,2,5,5,5,2,1,2,1,5,2,5,5,3,5,5,3,5,3,3,1,1,5,3,3,2,2,2,5,2,5
1/6/2020 6:59:16,Student,Male,2,4,4,4,1,4,4,3,1,4,4,3,4,4,4,3,3,2,4,1,4,3,3,3,2,3,4,4,3,3,3,4
1/6/2020 6:59:18,Student,Female,5,5,3,5,1,4,5,3,3,5,2,2,5,5,5,3,2,1,5,4,5,5,,,5,5,5,,5,,,5
1/6/2020 7:00:39,Student,Male,3,4,5,3,2,5,4,3,2,4,4,3,4,4,4,4,3,2,4,2,3,3,3,3,4,4,3,5,3,3,3,5
1/6/2020 7:01:15,Student,Female,3,2,4,5,2,2,4,1,2,5,1,1,5,5,5,2,1,1,3,2,4,4,2,2,5,4,4,2,3,1,2,5
1/6/2020 7:01:47,Student,Male,4,4,4,5,,3,4,3,3,2,2,2,4,4,4,3,4,3,4,,4,5,,,4,4,4,5,,5,,5
1/6/2020 7:02:00,Student,Male,3,3,4,2,2,4,4,4,1,4,4,2,4,5,5,1,2,3,4,2,4,3,3,3,5,4,3,5,3,4,3,4
1/6/2020 7:02:33,Student,Female,5,2,4,4,1,5,4,1,1,5,5,2,5,3,4,2,1,1,5,4,3,1,2,2,5,5,5,4,2,5,1,5
1/6/2020 7:03:16,Student,Male,4,5,4,5,1,5,4,2,1,5,5,3,3,4,5,5,,2,,,4,,,,,4,,,4,,,
1/6/2020 7:03:48,Student,Male,4,5,5,4,1,5,5,5,3,5,4,2,5,5,5,4,2,2,4,3,3,5,,,4,3,,5,,5,,4
1/6/2020 7:04:30,Student,Male,2,4,5,4,1,5,4,5,2,5,5,4,4,4,4,3,1,3,2,2,4,,,,5,4,3,1,,4,,5
1/6/2020 7:04:45,Student,Male,5,5,5,5,1,5,5,5,1,5,1,1,3,5,3,1,2,2,5,,,2,,,5,5,,,,,,5
1/6/2020 7:05:04,Student,Male,5,1,4,4,1,5,5,4,1,5,4,5,4,4,5,3,4,4,4,2,3,,,,3,3,4,4,4,4,,4
1/6/2020 7:05:09,Student,Male,4,3,4,5,1,5,5,2,1,4,3,4,5,5,5,1,1,1,3,2,3,1,4,2,3,4,,3,2,4,5,5
1/6/2020 7:07:30,Student,Female,5,5,3,2,1,1,4,1,3,2,1,4,4,1,3,3,5,1,4,4,2,4,,5,4,4,4,,3,,5,5
1/6/2020 7:07:53,Student,Male,5,5,5,3,1,5,5,5,5,5,5,5,5,5,5,5,3,1,5,,1,5,,5,5,5,5,5,3,,,5
1/6/2020 7:12:16,Student,Male,4,3,3,5,1,4,5,3,2,4,4,1,5,5,5,1,1,1,3,2,2,3,,,4,3,,5,3,,,5
1/6/2020 7:12:27,Student,Female,2,1,4,5,1,5,4,4,5,5,1,1,4,5,4,1,3,1,3,4,3,4,,3,3,3,3,,,,,5
1/6/2020 7:14:42,Student,Female,5,5,5,4,1,3,5,1,1,3,3,3,4,5,5,2,5,2,,4,,,,3,1,5,5,,,,,5
1/6/2020 7:14:54,Student,Male,4,2,5,4,1,5,5,4,1,5,2,5,4,5,4,3,3,1,4,,2,2,,,5,5,,5,,2,,4
1/6/2020 7:15:04,Student,Male,5,5,5,5,1,5,5,4,2,5,4,5,4,3,4,1,2,2,5,2,3,1,,,2,4,,5,,,,4
1/6/2020 7:15:32,Student,Female,1,4,4,5,2,4,4,4,2,5,2,2,4,5,2,2,1,1,5,3,5,1,,,5,4,5,,,4,,5
1/6/2020 7:16:15,Student,Male,3,1,5,4,1,5,5,4,2,5,2,1,5,5,5,5,5,4,5,,1,,,,5,4,5,,,,,4
1/6/2020 7:16:46,Student,Male,4,4,4,5,3,5,4,3,2,4,4,4,5,4,5,4,4,3,5,5,,,,,,5,4,,4,5,,5
1/6/2020 7:17:01,Student,Female,4,4,1,4,1,4,2,5,1,4,5,1,5,5,5,2,3,1,5,4,1,5,3,3,2,5,5,3,3,3,3,5
1/6/2020 7:17:17,Student,Male,4,5,3,4,1,5,5,3,2,5,4,2,5,2,5,3,1,4,,,5,,,,,3,,,2,4,,4
1/6/2020 7:18:31,Student,Female,3,1,5,3,1,5,5,3,2,4,2,1,4,4,2,2,1,,5,5,,,,,5,4,5,,,4,,4
1/6/2020 7:19:03,Student,Male,5,3,5,4,1,5,5,1,3,5,3,2,5,2,5,2,3,1,4,4,5,3,,,5,4,3,,,2,,5
1/6/2020 7:19:05,Student,Male,4,2,5,5,3,5,5,4,3,4,2,3,4,4,5,3,2,3,5,5,5,5,,,4,4,3,4,3,4,,4
1/6/2020 7:20:09,Student,Female,4,3,3,3,4,4,3,1,5,5,2,2,2,5,3,5,4,1,,4,,,,5,,4,,,4,5,,3
1/6/2020 7:20:59,Student,Male,4,3,4,4,,5,4,2,4,4,1,,4,2,4,4,,2,4,3,4,,,,4,4,,4,,,,4
1/6/2020 7:21:48,Student,Female,4,1,4,4,1,3,4,5,1,5,1,2,4,4,5,1,1,1,5,5,,,,,5,5,5,,5,5,,5
1/6/2020 7:22:20,Student,Male,5,4,5,5,2,5,5,1,2,5,5,,2,,5,,,,5,,,3,,,5,4,5,5,,,,5
1/6/2020 7:22:40,Student,Female,3,3,5,3,2,5,4,2,5,5,2,1,3,3,5,2,3,2,5,4,3,4,3,3,5,5,5,4,3,5,3,5
1/6/2020 7:22:49,Student,Female,4,4,5,4,1,5,4,2,5,5,5,1,5,5,5,5,3,1,4,4,5,,,,5,,4,,,4,,5
1/6/2020 7:23:07,Student,Female,4,1,4,5,1,5,4,3,4,4,5,5,4,4,4,5,2,1,4,4,3,5,,,5,4,,5,,2,,4
1/6/2020 7:23:15,Student,Female,5,5,3,5,1,3,4,3,1,2,1,1,4,5,5,1,3,1,5,4,5,5,,,5,3,5,5,1,,,5
1/6/2020 7:24:47,Student,Female,5,2,1,3,1,1,1,4,5,1,1,1,5,5,3,1,4,2,5,5,,,,,,2,5,,,5,,3
1/6/2020 7:24:59,Student,Male,4,5,5,4,2,5,5,5,3,5,5,5,5,5,5,4,5,3,2,5,3,4,,,5,4,,4,,5,,4
1/6/2020 7:25:47,Student,Male,3,3,4,3,4,4,4,3,3,5,4,4,3,4,4,3,2,2,3,3,5,4,,,5,4,5,5,4,,,4
1/6/2020 7:26:10,Student,Male,3,3,4,3,1,3,3,2,3,5,2,2,4,3,4,2,4,3,5,3,5,3,3,3,5,4,3,4,3,4,3,5
1/6/2020 7:26:33,Student,Male,3,4,5,4,2,5,5,4,2,5,4,5,4,5,5,3,1,1,,4,1,,,,5,4,4,5,4,,,4
1/6/2020 7:26:55,Student,Male,4,1,4,2,1,5,4,1,4,5,2,1,3,3,3,1,1,1,4,,5,,,,,,,5,,5,,5
1/6/2020 7:26:57,Student,Male,5,1,5,5,1,5,5,3,1,4,3,1,5,1,5,1,1,4,5,4,4,4,,,4,3,,4,,4,,3
1/6/2020 7:27:19,Student,Female,4,3,4,5,1,5,4,2,2,4,5,1,4,5,5,3,5,2,4,5,5,5,,3,5,1,,,3,4,,5
1/6/2020 7:28:17,Student,Female,3,5,5,5,1,5,5,5,4,5,5,1,4,5,4,1,3,3,5,5,5,,,,5,4,5,,5,5,,4
1/6/2020 7:28:59,Student,Male,3,2,5,5,3,5,5,2,2,5,1,1,4,3,3,4,2,1,3,,2,3,,,4,4,,5,,,,5
1/6/2020 7:29:08,Student,Male,2,4,3,4,3,5,5,2,2,5,5,1,5,5,5,5,1,1,3,1,5,,,,5,5,3,,1,,,5
1/6/2020 7:30:22,Student,Male,4,3,3,3,1,5,4,2,1,5,4,3,2,4,4,4,1,3,4,1,3,4,,,4,,,4,,,,4
1/6/2020 7:30:29,Student,Female,4,3,5,4,2,4,4,4,4,4,3,,5,3,3,5,,5,5,5,,3,,,2,,3,,,,,5
1/6/2020 7:30:40,Student,Male,4,1,4,5,1,5,5,4,1,3,3,1,4,2,4,1,1,1,4,3,4,4,,,2,4,3,,3,5,,5
1/6/2020 7:31:00,Student,Male,3,4,4,3,1,5,4,1,1,5,3,5,5,4,4,4,4,2,4,5,1,,,,4,3,5,,3,4,3,5
1/6/2020 7:31:33,Student,Female,3,2,4,4,2,5,4,3,2,3,3,4,4,5,3,2,3,3,5,4,5,2,1,2,4,3,4,2,3,4,1,4
1/6/2020 7:31:53,Student,Female,3,3,4,4,3,5,4,4,2,3,1,2,4,5,5,2,1,1,5,5,5,,,,,4,,,,,,5
1/6/2020 7:32:58,Student,Female,3,4,5,4,1,5,5,2,3,5,3,1,4,4,4,3,1,4,5,5,5,1,,,5,4,,,4,5,,5
1/6/2020 7:33:47,Student,Male,3,3,5,2,2,5,4,4,5,5,3,,2,4,5,4,5,,,3,4,,,,4,1,,5,5,,,5
1/6/2020 7:37:24,Student,Male,3,3,3,3,1,5,2,2,4,5,5,5,5,5,5,1,1,1,5,1,5,5,5,1,5,5,5,5,5,5,1,5
1/6/2020 7:39:01,Student,Male,3,3,4,4,1,5,5,5,5,5,1,1,5,3,5,1,2,2,5,5,5,1,,,5,5,5,,,,,5
1/6/2020 7:39:18,Student,Female,5,5,5,5,1,3,4,1,1,3,4,3,3,5,4,2,5,4,5,2,4,,,,5,5,,5,5,5,,5
1/6/2020 7:39:58,Student,Male,2,5,5,3,2,5,4,3,2,3,3,2,4,2,5,1,1,4,4,4,2,2,1,3,5,4,3,5,4,3,3,4
1/6/2020 7:49:06,Student,Male,4,2,5,3,4,5,5,4,5,5,4,1,4,2,5,5,2,3,,,3,,2,,5,4,,3,3,,,5
1/6/2020 7:59:24,Student,Male,5,5,3,2,3,5,5,4,3,5,5,,5,5,5,5,3,4,3,3,3,4,,,5,3,,,,,,4
1/6/2020 8:07:54,Student,Male,5,2,4,4,2,5,4,3,2,5,,,4,5,4,2,1,1,4,3,3,,,,4,4,,3,3,,,5
1/6/2020 8:10:33,Student,Male,3,4,5,3,1,5,4,3,1,5,2,4,4,4,5,3,3,3,4,1,5,3,,,4,4,3,5,3,3,,5
1/6/2020 8:40:57,Student,Male,1,4,4,4,1,4,4,2,1,4,3,1,5,5,3,1,3,1,5,1,5,2,3,3,4,5,5,5,5,5,5,5
1/6/2020 8:55:51,Student,Male,3,4,4,3,4,5,4,4,2,5,4,1,5,3,4,4,1,5,5,3,4,5,,,4,3,,4,,,,4
1/6/2020 8:59:47,Student,Male,4,4,5,5,3,5,5,4,3,5,4,4,5,5,5,5,4,4,5,3,3,5,3,3,5,5,5,5,3,5,3,5
1/6/2020 9:07:08,Student,Male,2,2,4,3,1,5,5,3,1,5,2,3,1,5,5,2,,,4,2,1,,,,,1,4,5,,,,5
1/6/2020 9:14:18,Student,Male,4,,4,3,1,4,4,,4,3,,4,3,,5,,,,,3,,3,,,,4,,,,,,4
1/6/2020 9:23:55,Student,Male,5,5,5,4,1,5,4,1,1,4,3,1,1,1,5,2,2,1,1,2,2,2,2,2,4,2,4,2,2,,,3
1/6/2020 9:29:11,Student,Male,3,2,4,4,1,5,4,1,3,4,2,1,4,4,5,1,1,1,1,1,4,3,3,1,5,4,3,3,2,1,2,5
1/6/2020 9:30:40,Student,Male,4,2,4,5,5,5,5,4,3,4,1,1,5,4,5,2,1,1,5,5,5,5,3,3,5,4,5,5,3,5,3,5
1/6/2020 9:31:37,Student,Male,1,3,3,4,5,5,5,3,1,5,2,1,5,4,5,2,1,1,5,3,,3,,,,,,5,,,,5
1/6/2020 9:31:43,Student,Male,3,1,5,2,1,5,4,1,1,5,1,4,4,2,5,1,,1,4,4,4,,,,4,4,5,,,2,,5
1/6/2020 9:32:33,Student,Male,4,2,3,3,4,5,5,1,1,5,3,4,2,5,5,3,1,,5,2,,,,,5,2,,,,,,5
1/6/2020 9:33:31,Student,Male,3,5,4,5,,5,5,4,4,4,2,3,5,5,5,4,3,5,,,,,,,,,,,,,,5
1/6/2020 9:34:05,Student,Male,5,3,2,3,1,4,2,3,5,5,4,,3,4,1,5,,1,3,3,2,3,,,5,5,3,5,4,4,,5
1/6/2020 9:34:19,Student,Male,3,1,4,4,2,5,4,2,4,5,3,3,5,5,4,1,4,2,4,2,4,,,,5,2,5,5,3,5,,1
1/6/2020 9:34:26,Student,Male,3,2,5,2,1,5,5,2,4,4,3,2,4,3,4,4,1,1,5,3,2,4,,,5,4,,4,,3,,4
1/6/2020 9:35:02,Student,Male,3,3,5,3,2,4,4,2,4,4,1,,4,,4,1,2,,4,,1,3,,,5,4,,5,,4,,4
1/6/2020 9:35:15,Student,Male,5,3,5,4,1,5,5,5,1,5,5,5,5,3,5,1,,2,5,,,3,,,5,5,,5,,,,5
1/6/2020 9:35:24,Student,Female,3,4,5,4,1,4,3,1,5,5,1,4,5,3,3,1,1,4,4,5,,4,,,4,2,,3,,3,3,4
1/6/2020 9:35:30,Student,Male,4,5,5,4,2,5,4,4,5,5,1,4,5,5,5,2,3,1,5,4,1,3,,,5,4,4,,,,,4
1/6/2020 9:35:38,Student,Male,5,5,3,4,1,5,5,5,3,5,4,5,5,5,5,1,4,5,4,4,2,,,,5,5,,5,3,4,,5
1/6/2020 9:35:43,Student,Male,3,2,5,4,1,5,5,1,1,5,3,1,1,4,4,1,1,3,5,2,2,4,3,2,5,3,4,5,2,4,4,5
1/6/2020 9:36:08,Student,Female,5,5,5,5,4,2,3,3,4,3,5,1,5,5,5,5,5,1,5,5,5,5,,4,5,5,,,,5,,5
1/6/2020 9:36:12,Student,Male,2,1,4,5,1,4,4,3,5,5,1,1,4,4,5,1,1,2,4,,4,4,,,5,4,3,4,,,,4
1/6/2020 9:37:43,Student,Male,2,3,4,5,1,1,,4,1,1,2,2,4,5,4,2,3,3,4,4,4,3,,,4,3,,2,,,4,5
1/6/2020 9:38:05,Student,Male,2,3,3,2,2,5,4,4,3,5,4,2,4,5,5,5,3,,5,4,3,4,,,4,3,,,,,,
1/6/2020 9:38:14,Student,Male,3,2,5,5,1,5,4,4,1,4,4,1,5,4,5,3,3,1,5,4,4,4,,,5,5,,,,,,5
1/6/2020 9:38:16,Student,Male,5,3,3,4,2,5,5,4,4,4,4,2,5,4,4,1,4,4,5,4,5,3,,,4,4,5,5,,,,5
1/6/2020 9:39:20,Student,Male,1,1,4,2,1,5,5,,4,4,2,1,5,3,4,,,4,4,3,4,3,,,3,3,4,2,,,,4
1/6/2020 9:39:29,Student,Female,3,2,4,5,1,5,5,3,2,4,3,2,5,4,4,1,1,1,5,5,3,,,,,4,,,3,4,,5
1/6/2020 9:40:16,Student,Male,3,5,2,1,5,2,2,4,3,2,5,5,4,5,5,5,5,2,,3,5,4,,,4,5,,,,,,5
1/6/2020 9:41:41,Student,Female,5,2,4,5,1,3,4,5,1,5,5,5,3,5,4,5,5,5,5,3,3,5,5,5,5,3,5,,5,5,,5
1/6/2020 9:41:46,Student,Female,4,5,2,3,2,3,4,3,1,3,3,5,5,4,5,3,5,3,5,3,3,,,,4,3,,,4,,,5
1/6/2020 9:41:51,Student,Male,3,1,2,3,1,5,4,1,3,4,3,3,2,4,4,1,1,2,4,4,2,,,,3,5,4,5,2,,,5
1/6/2020 9:42:38,Student,Female,5,1,3,4,1,4,5,4,1,3,2,2,5,2,4,1,3,2,5,2,1,3,3,3,4,5,5,5,5,5,3,5
1/6/2020 9:42:45,Student,Female,5,2,3,5,1,3,5,4,5,4,2,3,1,1,5,1,4,3,,5,,5,,5,,4,,,5,4,,5
1/6/2020 9:42:56,Student,Male,3,4,5,4,1,5,5,3,1,5,5,3,4,5,5,2,3,1,,1,4,,,,5,3,3,5,,3,,4
1/6/2020 9:43:52,Faculty member,Male,4,4,3,5,1,3,4,2,1,5,3,1,3,5,3,4,2,4,5,4,2,3,5,3,4,5,2,3,3,3,4,4
1/6/2020 9:43:55,Student,Male,3,3,3,4,1,5,5,3,2,5,4,3,3,2,3,4,2,3,4,3,4,3,,,4,4,4,4,4,4,,5
1/6/2020 9:44:30,Student,Male,3,4,2,4,1,4,4,4,1,5,4,3,4,3,4,4,2,1,5,,3,,,,3,4,2,5,,,,5
1/6/2020 9:44:33,,,3,4,2,4,1,4,4,4,1,5,4,3,4,3,4,4,2,1,5,,3,,,,3,4,2,5,,,,5
1/6/2020 9:44:34,Student,Male,4,4,5,3,1,5,5,4,1,5,4,1,2,4,5,5,4,,5,3,,4,,4,5,4,4,5,3,5,,4
1/6/2020 9:44:35,Student,Male,4,5,4,5,1,4,4,3,1,3,2,2,3,4,5,2,3,1,3,2,3,1,3,2,4,4,3,3,3,2,4,5
1/6/2020 9:45:08,Student,Male,4,2,5,4,1,5,3,4,1,4,3,1,3,4,3,3,2,1,4,3,2,1,1,1,5,5,4,5,1,3,1,5
1/6/2020 9:45:08,Student,Female,4,3,4,4,1,4,4,1,2,3,1,1,1,1,1,1,1,1,3,4,4,1,1,1,4,3,3,4,2,1,1,4
1/6/2020 9:45:30,Student,Female,4,1,3,4,1,5,3,3,2,4,1,2,5,5,5,2,2,1,5,4,2,2,2,2,3,4,5,,,,,5
1/6/2020 9:45:31,Student,Male,5,5,5,5,3,5,5,5,3,5,3,5,5,5,5,5,5,5,5,5,5,3,3,3,3,5,5,5,5,5,3,5
1/6/2020 9:46:58,Student,Male,3,5,3,3,3,4,4,2,1,4,3,2,4,4,5,4,3,3,4,,,3,,,2,,,,,2,,4
1/6/2020 9:47:57,Student,Male,3,4,5,2,1,5,4,5,2,5,3,1,5,5,5,4,1,4,3,,1,3,,,4,1,4,5,3,,,5
1/6/2020 9:48:14,Student,Female,3,2,5,5,,4,5,5,5,5,,1,4,5,4,5,2,2,5,4,5,3,4,5,5,3,5,,5,5,5,5
1/6/2020 9:48:57,Student,Male,4,3,3,4,1,5,5,3,3,4,3,4,5,5,5,3,3,1,5,3,4,3,,,5,3,4,3,2,1,,4
1/6/2020 9:50:14,Student,Male,4,1,2,5,1,4,4,4,1,3,5,5,4,4,5,5,4,1,4,4,4,,,,5,2,4,5,,,,4
1/6/2020 9:50:49,Student,Male,2,4,1,5,2,1,5,3,1,4,5,3,4,2,5,4,1,1,3,5,3,4,3,2,4,1,1,5,3,4,1,2
1/6/2020 9:50:54,Student,Male,4,4,5,4,1,5,4,3,2,4,3,4,4,5,5,3,1,3,3,4,4,2,2,2,4,4,1,4,1,4,1,5
1/6/2020 9:51:04,Student,Male,2,4,5,3,1,4,4,4,5,5,5,5,4,4,5,3,4,3,,5,,,,,5,4,5,,,,,5
1/6/2020 9:51:08,Student,Male,2,4,5,3,1,4,4,4,5,5,5,5,4,4,5,3,4,3,,5,,,,,5,4,5,,,,,5
1/6/2020 9:51:40,Student,Male,3,4,4,4,2,4,5,4,5,5,4,3,4,4,5,5,4,3,5,1,4,3,3,3,5,4,4,5,3,3,3,5
1/6/2020 9:52:36,Student,Male,3,3,2,4,1,4,4,1,1,5,2,2,2,1,5,1,3,1,5,1,3,4,3,,5,5,,4,3,4,,4
1/6/2020 9:52:57,Student,Male,4,1,4,3,1,5,5,3,1,4,5,3,3,4,3,1,3,2,4,5,4,4,,,4,4,4,4,4,4,,5
1/6/2020 9:53:16,Student,Female,5,1,4,4,1,5,5,5,5,5,3,1,5,5,5,2,1,5,5,3,4,5,,,5,3,5,4,4,5,,5
1/6/2020 9:53:41,Student,Male,2,4,5,4,1,5,5,2,4,5,2,,2,,4,,,2,,3,,,,,,4,,5,,,,5
1/6/2020 9:54:36,Student,Female,5,3,4,5,1,5,5,3,2,5,2,5,5,3,4,2,1,1,3,3,,,,,4,4,,,,5,,5
1/6/2020 9:54:41,Student,Male,4,3,3,5,3,3,5,3,2,3,3,,5,5,5,3,3,2,4,,,,,,4,3,4,,,,,4
1/6/2020 9:56:28,Student,Female,4,3,2,5,3,5,5,3,3,3,2,1,4,5,4,2,3,1,5,3,,,,,4,5,5,,4,5,,5
1/6/2020 9:56:32,Student,Male,3,5,4,3,1,5,4,4,1,5,1,4,4,5,4,3,3,3,4,3,3,4,3,3,3,4,5,5,4,4,3,5
1/6/2020 9:57:36,Student,Female,5,1,4,5,1,5,5,5,2,5,3,1,5,2,5,4,3,1,5,5,5,5,5,5,5,5,5,1,5,4,5,5
1/6/2020 9:57:36,Student,Female,2,2,5,5,2,5,5,3,5,4,3,1,4,4,4,2,1,1,,4,,3,,,4,4,3,5,5,,,3
1/6/2020 9:59:05,Student,Female,4,2,5,4,2,3,3,3,2,5,3,2,5,4,5,1,1,3,4,3,3,3,,,4,5,,5,5,5,,5
1/6/2020 9:59:21,Student,Female,3,1,3,5,2,4,4,3,2,4,1,5,3,4,4,5,2,2,4,4,2,4,2,4,5,4,5,3,5,5,3,4
1/6/2020 9:59:27,Student,Male,5,5,3,4,1,4,5,4,3,1,3,1,5,5,4,5,1,1,5,,,4,,,,5,,,,,,
1/6/2020 9:59:38,Student,Female,4,2,2,3,,4,5,3,1,4,2,,1,2,1,2,3,1,,5,3,,,,3,4,5,,5,,5,5
1/6/2020 10:01:07,Student,Male,4,1,4,3,1,4,4,3,1,4,,1,5,1,3,1,1,1,4,1,1,4,1,4,3,3,1,2,1,1,1,4
1/6/2020 10:02:13,Student,Male,5,1,3,4,2,4,5,3,3,4,4,1,5,3,5,2,3,4,,3,,4,,,,4,,,,,,4
1/6/2020 10:02:43,Student,Male,4,4,3,3,2,4,5,3,3,5,3,,4,5,3,3,3,1,4,4,4,,,,4,4,,5,,,,4
1/6/2020 10:04:11,Student,Male,3,5,2,3,3,5,3,2,1,5,4,5,4,4,4,4,3,4,2,1,2,5,,,5,4,3,5,,2,,5
1/6/2020 10:04:18,Student,Male,3,3,5,3,1,3,5,1,1,5,1,1,1,1,5,1,3,1,2,3,3,,,,3,2,4,2,5,,,5
1/6/2020 10:04:52,Student,Male,5,4,3,5,5,5,4,2,2,5,4,,3,3,4,3,2,1,4,2,4,,,,3,3,4,,1,,,4
1/6/2020 10:04:53,Student,Male,5,3,1,5,1,1,5,3,4,5,1,5,5,5,5,2,4,3,4,3,3,2,3,3,5,5,4,5,5,5,5,5
1/6/2020 10:08:02,Student,Male,3,4,5,5,1,5,5,4,1,3,1,2,3,3,4,1,1,5,,4,4,5,,,5,5,5,3,2,,,5
1/6/2020 10:08:20,Student,Female,4,5,3,4,1,3,3,3,2,3,3,4,4,5,4,2,5,3,4,,3,,,,5,4,4,,,,,4
1/6/2020 10:11:13,Student,Male,4,4,5,3,3,4,4,2,4,4,1,1,4,4,5,1,1,1,3,3,2,4,3,3,3,5,3,4,3,3,3,4
1/6/2020 10:11:15,Student,Male,3,1,4,2,2,5,4,1,2,4,1,1,5,1,4,1,1,1,4,3,4,2,3,3,3,3,3,3,3,3,3,4
1/6/2020 10:11:54,Student,Female,4,1,5,5,1,3,5,5,4,5,2,2,5,5,5,1,3,4,,4,,,,5,,5,3,,5,4,,5
1/6/2020 10:12:45,Student,Male,5,5,5,5,1,5,5,2,1,5,1,2,5,5,5,1,1,1,4,1,3,5,,,5,4,4,5,,,,5
1/6/2020 10:14:43,Student,Male,5,4,5,3,2,5,5,2,3,4,2,1,5,2,5,2,3,5,5,5,3,3,3,3,5,3,3,5,3,3,3,5
1/6/2020 10:14:49,Student,Male,3,4,5,4,3,5,4,4,5,5,5,3,4,3,4,5,4,1,4,3,4,3,3,3,5,4,4,4,3,4,3,4
1/6/2020 10:14:56,Student,Male,4,5,2,4,3,4,4,4,4,2,5,3,4,5,5,3,4,5,,,,,,,4,5,,,4,,,5
1/6/2020 10:17:48,Student,Male,1,2,3,4,2,5,5,1,3,4,3,3,4,2,4,3,2,2,3,4,2,2,,,4,3,,5,,4,,5
1/6/2020 10:19:39,Student,Male,4,5,3,4,2,4,4,3,3,4,3,2,4,5,5,5,2,2,4,3,3,,,,5,4,4,5,3,,,5
1/6/2020 10:24:09,Student,Female,4,1,5,4,1,5,5,1,5,1,5,1,5,5,4,1,1,1,5,4,1,3,,5,2,4,4,3,5,5,,5
1/6/2020 10:24:14,Student,Female,1,1,4,1,1,1,5,1,1,1,1,1,5,1,1,1,1,1,4,4,3,,,,,4,,,,,,
1/6/2020 10:27:23,Student,Male,5,2,1,5,1,1,5,3,1,3,4,2,5,2,2,1,1,2,5,,2,,,,5,5,5,,3,5,,5
1/6/2020 10:31:56,Student,Female,4,4,5,5,5,5,4,1,5,5,1,1,4,3,4,5,1,1,,5,3,4,,,3,2,,,5,,,4
1/6/2020 10:37:10,Student,Male,3,1,5,5,2,5,3,4,2,5,2,3,3,5,5,1,2,2,3,1,5,4,,,4,4,2,,,,,4
1/6/2020 10:38:10,Student,Female,5,5,5,5,1,5,5,3,3,3,3,4,2,5,5,3,1,1,5,5,3,2,,,4,5,5,5,4,,,5
1/6/2020 10:40:01,Student,Male,5,4,5,5,4,5,5,4,4,5,3,2,5,5,5,4,1,4,4,3,,,,,4,4,,5,,,,4
1/6/2020 10:46:23,Student,Male,3,3,5,4,1,5,5,3,1,3,4,2,4,5,3,1,3,2,4,4,5,4,3,3,5,5,4,5,3,3,3,5
1/6/2020 10:47:35,Student,Male,5,4,4,4,2,5,5,3,4,5,5,4,4,4,4,3,3,1,5,,,,,,4,4,,5,,,,5
1/6/2020 10:50:41,Student,Male,,,5,3,1,5,5,3,1,5,1,1,5,4,5,1,1,3,2,3,1,4,,,5,3,4,5,,,,5
1/6/2020 10:51:10,Student,Female,4,5,5,4,5,5,4,3,1,4,4,1,3,3,3,3,1,1,4,2,3,,,,5,5,4,,1,,,5
1/6/2020 10:51:51,Student,Male,2,1,3,3,2,5,5,4,3,5,1,2,3,5,4,1,1,1,4,3,1,3,,,5,3,,,,,,3
1/6/2020 10:54:41,Student,Male,3,2,3,4,4,4,5,4,3,5,3,2,3,4,4,3,2,2,5,3,5,5,3,3,4,4,4,5,3,3,3,4
1/6/2020 10:55:30,Student,Female,3,4,2,4,1,5,2,3,1,,1,1,3,5,3,1,,,,,2,,,,,4,4,,,2,,
1/6/2020 10:56:56,Student,Male,4,5,5,4,2,5,4,3,3,3,1,4,5,3,5,5,2,1,4,4,4,3,3,3,5,4,2,4,3,3,3,5
1/6/2020 10:58:37,Student,Male,4,1,5,3,1,5,4,3,2,5,2,1,5,2,4,2,1,3,4,2,4,4,2,,5,3,4,5,4,,,4
1/6/2020 11:04:24,Student,Male,4,2,4,5,1,5,5,1,3,4,4,3,4,4,3,1,1,1,4,3,4,3,,,4,4,,4,,,,4
1/6/2020 11:07:51,Student,Male,4,1,5,4,1,5,5,1,2,5,3,1,5,3,5,1,1,1,5,3,5,3,3,3,5,4,5,5,2,2,3,4
1/6/2020 11:09:04,Student,Male,4,2,3,5,1,5,5,3,4,4,3,2,5,2,5,2,2,1,5,4,1,5,,,,3,,,,,,5
1/6/2020 11:10:13,Student,Male,4,3,5,4,1,5,4,3,3,4,4,2,4,5,4,2,3,2,4,4,3,3,,,4,4,,2,4,,,5
1/6/2020 11:19:58,Student,Female,3,3,4,2,1,4,4,4,2,4,3,3,2,4,4,1,3,,4,4,,3,,3,3,3,4,,5,5,,2
1/6/2020 11:34:53,Student,Male,5,1,5,5,1,4,5,4,2,5,1,1,5,5,5,4,2,4,4,3,3,,,,3,3,,4,,,,5
1/6/2020 11:46:19,Student,Female,5,3,4,5,4,5,5,2,3,5,1,3,5,4,5,3,5,2,5,3,,,3,3,3,4,4,,,5,,5
1/6/2020 11:48:53,Student,Male,3,4,3,3,2,5,4,3,3,4,5,5,3,5,5,5,5,3,3,3,3,3,3,3,5,4,4,3,4,3,3,4
1/6/2020 11:50:19,Student,Male,4,3,5,4,4,5,4,3,3,5,2,1,4,5,5,3,1,1,4,4,4,4,3,,3,4,5,5,4,5,,5
1/6/2020 11:51:52,Student,Male,5,4,5,5,5,5,5,5,2,5,3,1,4,5,5,5,3,4,5,4,4,2,,,5,4,,5,5,,,5
1/6/2020 11:54:53,Student,Female,3,3,2,3,3,1,3,2,1,1,3,2,5,5,4,2,1,1,5,2,2,5,1,1,5,3,5,2,2,2,1,4
1/6/2020 12:07:58,Student,Male,4,4,5,3,2,5,5,3,5,5,5,2,4,4,4,4,4,4,,,,,,,,4,,5,,3,,5
1/6/2020 12:16:23,Student,Male,4,1,5,5,1,5,5,3,1,5,3,1,5,2,4,1,2,2,5,3,4,5,4,3,5,5,4,4,4,4,4,5
1/6/2020 12:18:03,Student,Male,2,1,4,3,1,5,5,1,4,5,4,3,4,2,5,2,2,1,4,4,2,,,,5,3,1,,,,,5
1/6/2020 12:19:30,Student,Male,3,4,5,5,1,5,4,2,1,5,4,5,5,5,5,3,1,5,3,,,,,,,3,,5,,3,,5
1/6/2020 12:31:15,Student,Female,4,3,4,4,1,5,5,2,2,5,1,1,4,4,4,2,2,2,3,2,3,,,,3,2,5,,3,2,,4
1/6/2020 12:33:21,Student,Male,3,2,4,3,4,4,4,1,3,4,1,2,5,1,5,2,2,2,5,2,4,5,,,4,4,4,5,4,2,,5
1/6/2020 12:34:55,Student,Male,3,5,5,1,1,5,4,4,3,3,3,5,4,4,3,2,,,5,,4,4,,,4,3,5,,,5,,5
1/6/2020 12:36:28,Student,Female,4,3,4,4,5,2,4,1,1,5,1,1,4,5,4,4,1,1,4,3,,,,,,4,,4,4,,,5
1/6/2020 12:36:29,Student,Male,2,4,4,4,1,5,4,3,1,4,3,4,5,5,4,4,2,1,4,2,2,1,3,3,5,4,3,3,4,5,3,5
1/6/2020 12:37:38,Student,Male,4,1,5,3,1,5,5,4,4,4,4,,3,4,5,1,2,2,4,,4,4,,,3,3,4,3,,,,3
1/6/2020 12:38:25,Student,Male,4,4,4,4,,5,4,4,4,5,,,5,3,4,2,,,5,4,4,,,,,4,,,,,,4
1/6/2020 12:38:33,Student,Male,3,4,3,5,3,5,4,1,3,4,1,2,5,3,5,4,3,2,5,3,3,5,3,3,3,3,4,5,3,5,3,5
1/6/2020 12:40:12,Student,Male,4,4,5,4,1,5,5,3,3,4,1,4,4,5,4,3,2,3,4,2,4,4,,,4,3,3,,1,2,,5
1/6/2020 12:40:21,Student,Male,3,4,5,3,2,5,5,3,1,4,4,2,3,5,5,1,2,3,,4,3,5,,,5,4,,5,3,4,,4
1/6/2020 12:43:24,Student,Male,3,2,5,3,3,5,4,3,2,5,3,3,5,3,5,3,3,3,5,3,,3,,,5,3,2,5,3,,,2
1/6/2020 12:46:56,Student,Male,4,4,,5,1,5,5,4,3,4,3,4,4,4,5,3,3,2,3,3,4,4,,,5,4,3,5,,,,4
1/6/2020 12:47:55,Student,Male,1,1,4,1,,5,5,3,2,4,1,5,5,2,4,1,1,,5,5,2,4,,,4,4,4,5,4,,,5
1/6/2020 12:51:32,Student,Male,3,1,4,4,4,4,5,2,2,2,1,1,4,1,1,1,1,1,5,1,4,,,,3,3,,,1,,4,5
1/6/2020 12:53:25,Student,Male,5,2,2,4,2,5,5,3,4,5,2,3,5,4,4,2,1,1,4,3,,1,3,3,4,3,5,5,3,3,4,5
1/6/2020 12:54:12,Student,Male,4,5,4,5,3,5,5,3,1,1,5,4,5,4,4,5,5,5,5,4,2,4,3,3,4,3,4,5,3,5,4,5
1/6/2020 12:58:38,Student,Male,2,3,5,4,1,4,5,2,3,4,3,3,3,3,4,3,2,3,4,,4,3,,,,2,3,3,,4,,4
1/6/2020 12:58:57,Student,Male,4,1,5,5,1,5,5,1,2,5,2,4,4,3,4,3,1,1,,,4,5,,,5,5,,,,,,5
1/6/2020 12:59:04,Student,Female,4,1,5,5,4,4,5,2,5,5,3,1,5,5,5,5,2,1,4,5,4,,,,4,2,4,4,5,5,,5
1/6/2020 13:01:26,Student,Male,3,1,5,4,1,5,4,4,1,4,2,1,2,2,5,5,,,5,,4,,,,5,4,,5,4,,,5
1/6/2020 13:03:17,Student,Female,3,2,4,3,1,5,4,4,1,4,2,3,4,2,3,2,1,1,5,4,3,4,3,3,4,3,4,3,3,4,3,4
1/6/2020 13:03:43,Student,Male,4,3,3,4,4,5,5,3,1,4,3,2,4,5,5,4,1,2,5,2,5,3,4,5,4,2,5,5,4,4,5,5
1/6/2020 13:06:04,Student,Female,4,4,2,5,5,5,2,1,2,1,5,2,5,5,3,5,5,3,5,3,3,1,1,5,3,3,2,2,2,5,2,5
1/6/2020 13:13:45,Student,Male,4,4,4,4,1,5,5,3,2,5,3,5,5,4,5,4,2,4,5,,4,,,,3,4,,5,,,,4
1/6/2020 13:14:19,Student,Male,5,4,4,4,2,5,5,5,1,4,4,3,5,5,5,3,4,2,4,3,4,3,3,3,5,5,4,5,5,5,3,5
1/6/2020 13:17:56,Student,Male,4,4,4,2,4,4,4,4,2,2,4,2,4,4,4,2,3,3,4,2,2,1,2,3,4,4,3,4,2,2,2,3
1/6/2020 13:19:28,Student,Male,3,4,3,4,2,5,4,4,2,4,3,3,3,3,4,4,2,3,4,,2,3,,,4,4,,,3,,,4
1/6/2020 13:31:19,Student,Female,4,5,3,5,1,4,4,5,1,5,5,1,5,5,4,5,4,5,,1,2,4,4,5,5,1,3,2,5,2,5,5
1/6/2020 13:34:33,Student,Male,4,4,5,3,2,5,5,3,5,5,5,2,5,3,5,4,1,2,3,1,,5,,,4,3,3,5,,3,,5
1/6/2020 13:39:58,Student,Female,3,1,5,3,1,5,3,5,4,3,1,4,3,1,3,1,1,1,,5,,4,,,3,4,,,4,,,3
1/6/2020 13:44:48,Student,Male,4,1,4,2,3,5,5,1,3,5,2,,3,2,5,2,,,4,3,,4,,,4,2,,5,1,2,,5
1/6/2020 13:49:15,Student,Male,2,2,2,4,3,5,4,1,3,5,2,1,4,3,4,2,3,2,4,3,4,2,3,3,5,4,3,3,2,2,3,3
1/6/2020 13:55:14,Student,Female,2,3,4,1,,5,5,3,4,3,3,,1,2,4,,,1,4,4,1,,,,5,4,,,,5,,3
1/6/2020 14:00:30,Student,Male,4,2,4,4,2,5,5,4,2,5,5,3,4,4,4,2,2,2,5,3,5,4,,,5,4,,5,,,,4
1/6/2020 14:02:53,Student,Female,4,1,4,5,1,5,5,1,1,3,3,1,5,5,3,2,4,1,4,1,1,1,1,5,5,5,3,3,2,4,,4
1/6/2020 14:17:13,Faculty member,Female,4,1,5,4,1,3,3,1,1,3,5,1,2,5,3,1,1,1,,,,,,,3,5,,,3,,,5
1/6/2020 14:33:32,Student,Male,2,5,3,1,,5,5,3,,2,,3,5,4,5,4,2,5,,,,,,3,4,,,,,,5,
1/6/2020 14:41:00,Student,Male,4,5,3,5,1,5,4,3,2,5,4,5,5,5,5,1,4,3,5,4,2,3,,,5,5,5,4,5,5,,5
1/6/2020 14:41:47,Student,Male,4,4,4,4,2,4,4,4,3,4,3,3,4,4,4,3,3,2,4,4,3,1,2,2,3,4,4,4,4,4,2,4
1/6/2020 14:48:48,Student,Male,4,2,3,5,4,5,5,3,2,3,4,2,4,3,3,2,3,2,4,2,5,5,3,3,5,5,4,3,2,4,3,5
1/6/2020 15:05:36,Student,Male,4,2,3,5,1,5,5,3,4,4,3,2,5,2,5,2,2,1,5,4,1,5,,,,3,,,,,,5
1/6/2020 15:10:52,,,,,,,,,,,,,,,,,,,,,,,5,,,,,,,,,,,
1/6/2020 15:19:51,Student,Male,3,3,4,3,1,5,4,3,2,5,3,5,4,4,2,3,1,2,3,,4,4,,,5,3,2,,2,,,4
1/6/2020 15:22:17,Student,Female,4,5,2,5,1,2,5,5,4,5,5,5,5,5,5,3,3,5,2,2,1,1,3,4,5,1,1,5,1,5,2,4
1/6/2020 15:26:11,Student,Male,1,1,5,3,4,5,4,2,3,5,4,1,4,3,5,,,,5,3,5,,,,,5,,,,,,5
1/6/2020 16:26:46,Student,Male,3,4,,4,,,5,3,,,,,3,5,5,3,3,5,4,,,,,,,,,,,5,,4
1/6/2020 16:29:27,Student,Male,4,3,4,5,3,5,5,1,4,5,2,3,5,4,5,3,1,1,3,4,4,4,3,3,4,4,3,3,2,3,4,5
1/6/2020 16:41:09,Student,Male,4,5,5,5,1,5,5,4,2,4,3,5,5,5,5,5,3,5,5,5,5,5,,,5,3,5,5,1,,,5
1/6/2020 16:49:18,Student,Female,4,4,3,4,2,5,5,3,2,5,4,3,4,4,3,4,3,3,,4,3,,,3,4,4,5,,5,5,,4
1/6/2020 16:51:56,Student,Female,5,3,1,1,1,5,2,4,4,4,1,2,3,2,4,2,1,1,4,4,4,2,2,2,5,3,4,,5,,,4
1/6/2020 16:51:59,Student,Male,5,5,5,5,2,5,4,3,4,5,3,5,5,5,5,2,5,4,5,4,5,2,,,4,4,5,,,5,,5
1/6/2020 16:54:14,Student,Male,5,2,5,5,1,5,5,4,3,5,5,5,5,5,5,5,3,3,,3,2,4,,,4,4,,5,,,,3
1/6/2020 16:55:08,Student,Male,5,4,5,4,1,5,4,3,3,5,2,5,5,5,5,3,1,2,5,3,4,,,,3,4,,5,,,,5
1/6/2020 16:56:07,Student,Male,4,2,2,4,1,5,4,1,2,5,1,1,5,4,4,1,3,2,4,,4,4,,,5,4,4,,4,3,,5
1/6/2020 16:59:06,Student,Male,3,2,5,5,3,5,5,4,5,4,5,3,5,5,5,5,3,4,3,3,3,5,3,3,3,4,3,3,3,4,3,5
1/6/2020 16:59:41,Student,Male,4,1,5,3,1,5,4,1,3,1,1,1,4,1,5,2,2,1,4,5,4,3,3,3,4,4,5,5,5,3,,5
1/6/2020 17:18:48,Student,Male,3,1,4,4,2,5,4,2,4,5,4,1,5,3,4,2,3,3,3,3,2,4,3,3,4,4,3,5,5,3,3,4
1/6/2020 17:23:32,Student,Male,2,1,5,5,3,5,5,3,2,4,2,4,5,5,5,2,1,1,5,5,2,5,3,3,5,5,5,5,5,5,3,5
1/6/2020 17:26:19,Student,Male,4,1,4,2,1,5,3,1,3,3,1,1,5,5,4,1,1,1,3,3,2,,,,,4,,5,,,,4
1/6/2020 17:27:03,Student,Male,4,2,5,5,3,5,5,3,3,5,4,4,4,3,5,4,,4,5,,,4,,,,5,,,,,,5
1/6/2020 17:33:54,Student,Female,4,5,5,5,4,5,5,2,3,5,3,4,5,5,5,3,2,2,5,4,4,3,,,4,4,5,3,3,,,5
1/6/2020 17:36:26,Student,Female,4,5,1,2,3,3,3,2,2,3,2,5,2,2,4,1,1,2,5,,4,,,,,4,4,3,,5,,4
1/6/2020 17:56:54,Student,Male,4,5,4,4,1,4,5,2,2,4,1,1,5,5,5,4,2,3,5,3,1,3,3,3,5,4,4,5,3,3,3,5
1/6/2020 18:11:46,Student,Female,3,1,4,5,2,1,5,5,4,3,5,1,5,4,5,5,1,5,3,4,3,3,5,3,3,4,4,3,5,4,5,4
1/6/2020 20:39:41,Student,Female,5,5,5,,1,3,5,3,1,4,1,1,4,5,4,3,4,4,4,4,1,3,,,3,4,,,5,,,4
1/6/2020 20:55:35,Student,Female,3,4,5,3,1,5,4,3,3,4,4,,4,3,4,2,,1,4,5,,2,,,4,4,4,,4,,,3
1/6/2020 20:58:20,Student,Male,5,1,4,3,1,5,5,1,1,3,1,1,4,4,4,2,1,1,3,1,4,5,3,3,5,3,5,5,2,3,3,4
1/6/2020 21:03:01,Student,Male,3,1,4,4,2,4,4,3,2,5,4,,4,4,4,2,4,3,4,4,4,4,,5,3,3,,,4,,,4
1/6/2020 21:04:05,Student,Male,4,5,5,5,1,5,5,3,2,4,3,4,4,4,5,4,1,3,5,5,5,5,3,3,5,4,5,3,3,3,3,5
1/6/2020 21:06:44,Student,Female,4,4,2,5,1,5,3,3,3,4,4,2,5,5,4,4,2,3,5,4,4,1,1,2,5,3,5,5,4,1,1,5
1/6/2020 21:12:46,Student,Male,3,2,4,3,1,4,5,4,1,4,3,,3,2,4,4,3,3,4,2,1,,,,4,4,5,5,,,,4
1/6/2020 21:16:11,Student,Male,2,3,4,3,2,5,3,3,4,5,4,5,3,4,4,3,1,1,5,4,5,5,,,5,4,,5,,,,5
1/6/2020 21:24:16,Student,Male,2,5,5,4,1,5,4,3,2,3,5,5,4,5,5,2,3,3,5,2,1,1,,,5,3,4,5,3,,,5
1/6/2020 21:24:56,Student,Male,5,5,3,3,3,5,5,4,1,5,3,4,5,4,4,1,1,1,1,1,3,1,,,4,3,,,1,1,,5
1/6/2020 21:29:06,Student,Male,4,1,5,4,3,5,5,4,1,5,2,,5,5,5,,,3,5,5,,,,,4,3,,,,5,,2
1/6/2020 21:29:09,Student,Male,5,1,3,5,1,5,5,3,5,5,2,,5,2,4,1,3,5,5,,,,,,3,4,4,,,,,4
1/6/2020 21:29:46,Student,Female,5,5,5,5,3,5,5,1,4,5,5,1,5,5,4,5,3,1,5,4,5,2,,3,,,,,5,5,,2
1/6/2020 21:38:55,Student,Male,3,5,4,4,1,5,5,3,1,4,3,5,5,5,5,5,5,3,5,3,3,2,2,,5,4,3,4,4,3,3,4
1/6/2020 21:40:55,Student,Female,5,1,3,3,1,5,5,4,2,3,5,1,5,5,5,5,3,4,4,4,2,4,2,3,5,4,3,5,5,5,3,5
1/6/2020 21:53:53,Student,Male,5,5,5,5,3,5,5,5,4,3,1,5,5,3,5,5,4,3,,1,,,,,,,,,,,,
1/6/2020 21:56:28,Student,Female,5,5,3,5,2,4,4,2,1,3,4,3,5,5,5,5,4,3,,3,3,,,,3,4,,,4,,,4
1/6/2020 22:11:10,Student,Male,5,5,5,5,2,5,5,5,3,5,4,5,5,5,5,5,5,5,5,3,3,4,3,3,4,5,4,5,3,4,3,4
1/6/2020 22:27:53,Student,Male,3,1,4,4,1,5,5,4,3,5,2,1,5,3,5,5,1,1,5,5,2,3,1,,5,3,3,3,5,3,3,5
1/6/2020 22:29:33,Student,Male,3,4,2,4,1,5,5,4,3,5,1,3,5,4,4,1,1,1,3,4,4,,,,2,4,5,,,,,4
1/6/2020 22:39:29,Student,Male,5,5,5,5,1,5,5,1,1,5,5,5,5,5,5,5,5,1,5,1,5,5,1,1,5,5,5,5,1,1,,5
1/6/2020 22:43:23,Student,Male,4,3,4,4,2,5,4,3,3,4,4,2,5,4,4,4,3,1,5,1,4,4,3,3,4,4,5,5,3,3,4,5
1/6/2020 22:56:52,Student,Female,5,3,5,4,1,5,4,2,1,4,2,3,1,5,5,1,4,1,4,4,2,3,3,3,3,4,4,3,4,5,3,4
1/6/2020 23:10:03,Student,Male,4,2,5,4,1,5,4,3,4,5,4,2,4,3,4,2,,,4,3,,,,,3,4,3,4,,3,,4
1/6/2020 23:12:35,Student,Male,,1,3,4,2,2,5,5,4,1,2,1,5,5,3,1,3,4,2,2,2,3,3,3,3,3,3,3,3,3,3,3
1/7/2020 7:13:47,Student,Female,4,4,5,4,1,3,3,2,5,4,5,3,5,5,5,4,5,5,4,4,4,1,,4,5,4,5,3,5,5,,3
1/7/2020 7:41:59,Student,Male,3,4,5,4,2,5,5,4,1,5,4,4,5,5,5,2,2,3,4,3,1,,,,4,4,,,,,,5
1/7/2020 7:50:23,Student,Male,2,2,4,4,,5,4,3,4,5,3,3,4,4,4,5,,,4,4,4,,,2,5,4,3,4,3,5,3,4
1/7/2020 8:01:07,Student,Male,4,3,4,4,3,5,5,1,3,4,3,3,5,5,4,5,3,3,,,,,,,5,3,,,3,,,5
1/7/2020 10:20:31,Student,Female,5,3,4,5,1,4,4,3,1,1,1,3,5,5,5,1,1,1,5,1,4,4,1,1,1,4,4,4,1,5,1,5
1/7/2020 10:32:44,Student,Male,4,4,4,5,2,5,5,4,4,5,5,4,5,5,5,2,2,5,5,3,1,4,3,3,4,4,4,5,4,3,3,5
1/7/2020 10:37:46,Student,Male,4,1,5,2,2,5,4,3,1,5,1,1,4,2,5,1,3,3,4,4,2,,,,5,4,4,,5,3,,5
1/7/2020 14:14:32,,,3,3,3,4,1,4,4,3,2,3,1,3,4,3,3,4,1,3,4,4,3,3,,,3,4,4,,4,4,,4
1/7/2020 18:45:28,Student,Male,5,3,5,5,1,5,5,4,2,5,4,5,5,5,5,4,5,4,3,3,3,3,3,1,,4,4,5,3,2,2,4
1/7/2020 19:41:55,Student,Male,5,5,5,5,4,5,5,4,5,5,5,1,5,5,5,3,5,2,1,2,3,3,3,3,4,4,3,3,3,3,3,4
1/7/2020 19:44:40,Student,Male,3,2,4,5,5,3,4,1,4,4,5,1,1,3,1,1,5,,4,3,2,,,,3,3,,,,,,4
1/7/2020 20:18:46,Student,Female,4,1,5,5,2,5,5,2,2,4,3,1,4,2,3,2,2,2,4,,1,,,5,,,,,3,,,3
1/7/2020 20:42:01,Student,Male,5,5,5,5,1,5,5,2,1,4,4,5,5,5,5,4,2,2,3,2,3,3,,,3,,,,,3,,
1/7/2020 22:01:41,Student,Male,3,1,4,4,2,5,5,4,3,3,1,1,4,3,5,2,1,2,4,1,3,3,3,3,4,3,3,5,3,3,3,4
1/7/2020 22:11:13,Student,Male,3,2,5,4,2,5,5,2,3,4,4,2,5,4,4,1,1,2,5,3,4,5,,,4,4,,5,,,,4
1/7/2020 22:43:37,Student,Male,4,4,,5,,4,5,5,,,3,,5,5,5,4,,,,4,,,,,5,5,,,,,,5
1/8/2020 8:04:28,Student,Male,4,2,5,5,1,5,4,4,4,5,4,1,5,5,5,3,3,2,5,3,2,,,,4,3,5,,5,5,,5
1/8/2020 9:59:48,Student,Male,4,3,5,5,1,5,4,3,2,5,2,2,4,4,4,1,1,1,4,3,4,4,1,1,4,4,3,3,3,2,2,5
1/8/2020 16:48:08,Student,Male,3,3,4,4,2,5,4,3,5,5,4,5,5,5,5,2,1,3,2,1,1,3,,4,2,2,3,3,,3,5,5
1/8/2020 19:12:13,Student,Female,5,5,5,5,1,5,5,5,5,5,4,1,5,4,5,1,1,1,3,5,3,2,3,3,3,4,2,3,5,3,3,3
1/8/2020 20:54:11,Student,Male,5,4,5,4,1,2,4,5,5,5,2,1,2,5,4,1,1,1,4,3,3,5,,,5,4,5,5,,,,5
1/9/2020 7:41:37,Student,Female,4,4,4,4,1,4,4,1,2,3,1,1,4,3,5,1,1,1,3,4,2,3,1,2,5,5,5,,5,5,,3
1/9/2020 8:18:58,Student,Female,4,1,2,5,1,5,5,1,3,5,1,1,5,5,5,1,1,3,5,5,5,4,,,,4,3,2,,,,5
1/10/2020 16:34:35,Faculty member,Female,3,5,5,4,2,5,3,2,5,5,4,4,4,5,5,5,5,2,5,5,4,,5,,4,5,4,3,,4,,5